source,student_id,term_id,week_number,stress_score,academic_workload_score,study_time_score,sleep_hours_score,mfbi_score,burnout_risk_level
synthetic_balance,synthetic-00162,1.0,1.0,11.61,7.4,10.12,100.0,0.7182,High
synthetic_balance,synthetic-00021,1.0,1.0,35.86,1.84,3.45,18.93,0.3927,Low
synthetic,,,,19.86,4.66,0.56,78.66,0.4489,Moderate
synthetic_balance,synthetic-00155,1.0,1.0,30.89,3.87,11.68,60.02,0.7054,High
synthetic_balance,synthetic-00216,1.0,2.0,9.51,9.05,11.65,88.69,0.7269,High
synthetic_balance,synthetic-00024,1.0,1.0,38.63,8.51,10.13,21.92,0.7038,High
synthetic_balance,synthetic-00093,1.0,2.0,38.63,8.38,9.42,41.62,0.7562,High
synthetic_balance,synthetic-00080,1.0,1.0,12.53,0.83,4.84,26.93,0.2628,Low
synthetic,,,,4.56,9.3,11.4,31.47,0.577,Moderate
synthetic_balance,synthetic-00165,1.0,1.0,29.7,4.13,9.91,67.66,0.6939,High
synthetic,,,,18.36,5.69,2.11,11.45,0.3295,Low
synthetic_balance,synthetic-00204,1.0,1.0,0.0,1.25,0.0,40.01,0.2077,Low
synthetic_balance,synthetic-00197,1.0,1.0,37.45,9.61,5.01,67.72,0.7194,High
synthetic_balance,synthetic-00246,1.0,1.0,38.28,3.77,8.89,85.39,0.7405,High
synthetic_balance,synthetic-00126,1.0,2.0,20.84,2.3,0.88,53.67,0.3211,Low
synthetic,,,,5.87,8.61,9.97,53.89,0.5943,Moderate
synthetic,,,,31.72,8.48,11.94,87.29,0.8772,High
synthetic_balance,synthetic-00255,1.0,2.0,5.24,0.7,3.89,4.81,0.1176,Low
synthetic_balance,synthetic-00293,1.0,1.0,27.38,5.9,11.48,61.53,0.743,High
synthetic_balance,synthetic-00168,1.0,1.0,3.84,10.0,10.17,92.83,0.7297,High
synthetic_balance,synthetic-00185,1.0,1.0,39.14,9.31,11.85,81.63,0.9084,High
synthetic,,,,24.25,9.39,4.46,55.7,0.6185,Moderate
synthetic,,,,10.77,3.21,6.79,56.08,0.4292,Moderate
synthetic_balance,synthetic-00043,1.0,2.0,4.25,3.08,5.4,2.58,0.2276,Low
synthetic_balance,synthetic-00042,1.0,2.0,0.0,0.55,10.39,0.0,0.2402,Low
synthetic_balance,synthetic-00333,1.0,1.0,26.44,7.18,9.0,97.53,0.7592,High
synthetic,,,,18.9,5.1,4.09,96.95,0.5732,Moderate
synthetic,,,,33.71,4.46,11.46,65.08,0.7237,High
synthetic_balance,synthetic-00147,1.0,1.0,9.8,9.49,11.51,84.06,0.7456,High
synthetic,,,,26.99,2.63,4.59,34.89,0.4173,Moderate
synthetic_balance,synthetic-00012,1.0,1.0,9.92,2.43,0.66,95.33,0.3665,Low
synthetic,,,,31.75,2.12,11.12,43.8,0.5926,Moderate
synthetic,,,,15.79,3.19,7.5,58.1,0.4799,Moderate
synthetic,,,,17.12,6.11,7.8,41.18,0.5251,Moderate
synthetic_balance,synthetic-00193,1.0,1.0,29.83,9.97,12.12,52.53,0.7897,High
synthetic_balance,synthetic-00068,1.0,1.0,1.3,1.1,9.94,1.39,0.2353,Low
synthetic_balance,synthetic-00000,1.0,1.0,33.08,7.74,10.05,45.09,0.6948,High
synthetic,,,,4.43,6.2,3.28,56.92,0.3933,Moderate
real,decba7f6-999f-48e3-b29e-71e8aeb3be6d,1.0,2.0,27.0,10.0,3.5,75.0,0.6792,Moderate
synthetic_balance,synthetic-00222,1.0,1.0,39.7,8.87,6.29,54.72,0.7569,High
synthetic_balance,synthetic-00031,1.0,1.0,3.88,3.76,1.47,68.71,0.3279,Low
synthetic_balance,synthetic-00041,1.0,1.0,10.23,1.13,1.9,7.28,0.1616,Low
synthetic,,,,16.54,8.24,3.45,96.98,0.6237,Moderate
synthetic,,,,30.8,0.93,8.05,3.42,0.392,Moderate
synthetic_balance,synthetic-00315,1.0,2.0,33.64,6.73,10.81,100.0,0.8495,High
synthetic_balance,synthetic-00235,1.0,2.0,14.2,3.74,5.24,31.05,0.3786,Low
synthetic,,,,11.74,6.62,6.91,78.39,0.5787,Moderate
synthetic_balance,synthetic-00152,1.0,1.0,5.88,2.16,5.35,41.92,0.3422,Low
synthetic,,,,30.88,6.62,4.8,9.45,0.482,Moderate
synthetic,,,,26.86,2.38,10.31,34.8,0.5291,Moderate
synthetic,,,,21.78,4.9,7.77,33.41,0.504,Moderate
synthetic_balance,synthetic-00050,1.0,1.0,18.61,5.8,4.32,4.69,0.3273,Low
synthetic_balance,synthetic-00299,1.0,1.0,37.81,6.26,10.91,83.71,0.8429,High
synthetic_balance,synthetic-00124,1.0,2.0,23.38,1.62,4.25,3.37,0.2576,Low
synthetic_balance,synthetic-00219,1.0,1.0,19.14,8.08,10.81,81.53,0.7803,High
real,0638b08d-09c1-4fad-a3e7-d35a8f0e9474,1.0,4.0,16.0,6.25,3.5,40.0,0.4292,Moderate
synthetic,,,,15.44,1.97,3.51,62.7,0.3756,Low
synthetic_balance,synthetic-00052,1.0,1.0,21.62,5.35,11.07,98.27,0.7533,High
synthetic,,,,13.47,6.06,8.07,82.96,0.6114,Moderate
synthetic_balance,synthetic-00246,1.0,1.0,4.28,8.05,4.21,16.53,0.3439,Low
synthetic,,,,37.42,0.59,2.97,58.58,0.4572,Moderate
synthetic_balance,synthetic-00252,1.0,2.0,5.17,1.91,1.41,48.96,0.2147,Low
synthetic,,,,19.95,5.31,1.71,39.86,0.3928,Moderate
synthetic,,,,3.76,8.9,5.04,68.26,0.5216,Moderate
synthetic,,,,34.25,6.31,4.5,66.25,0.6312,Moderate
synthetic_balance,synthetic-00308,1.0,1.0,38.61,5.57,10.39,83.14,0.8267,High
synthetic_balance,synthetic-00038,1.0,2.0,34.78,6.91,11.96,50.83,0.7934,High
synthetic,,,,39.13,7.45,9.29,76.26,0.8151,High
synthetic,,,,4.26,9.99,8.16,65.01,0.6088,Moderate
synthetic,,,,9.41,2.76,11.59,26.46,0.4355,Moderate
synthetic,,,,3.84,1.54,6.64,6.75,0.2176,Low
synthetic_balance,synthetic-00003,1.0,2.0,8.14,8.06,3.13,15.17,0.3594,Low
synthetic,,,,29.13,4.41,10.58,52.75,0.6447,Moderate
synthetic_balance,synthetic-00197,1.0,1.0,11.65,2.91,4.2,11.52,0.2752,Low
synthetic_balance,synthetic-00100,1.0,1.0,4.17,2.33,6.03,49.76,0.3469,Low
synthetic,,,,38.09,4.82,11.46,16.36,0.6383,Moderate
synthetic_balance,synthetic-00184,1.0,1.0,39.45,4.67,9.85,61.86,0.7192,High
synthetic_balance,synthetic-00060,1.0,2.0,36.49,10.0,11.41,93.52,0.9479,High
synthetic,,,,39.42,9.85,10.92,79.84,0.9198,High
synthetic_balance,synthetic-00048,1.0,1.0,6.91,5.56,5.08,47.52,0.3911,Low
synthetic_balance,synthetic-00320,1.0,2.0,20.55,7.88,11.5,90.25,0.7662,High
synthetic_balance,synthetic-00028,1.0,2.0,37.34,0.11,2.75,6.95,0.2892,Low
synthetic_balance,synthetic-00210,1.0,1.0,19.24,2.29,4.55,43.66,0.3851,Low
synthetic,,,,34.9,4.82,11.11,8.78,0.5921,Moderate
synthetic_balance,synthetic-00105,1.0,2.0,28.09,7.8,7.43,86.78,0.7578,High
synthetic_balance,synthetic-00156,1.0,1.0,18.12,2.72,5.36,48.24,0.3866,Low
synthetic_balance,synthetic-00218,1.0,1.0,37.34,8.42,10.62,24.24,0.7218,High
synthetic_balance,synthetic-00132,1.0,2.0,12.29,3.06,11.31,0.0,0.3689,Low
synthetic_balance,synthetic-00186,1.0,2.0,34.51,9.56,10.27,18.96,0.7264,High
synthetic,,,,20.01,7.56,10.27,99.88,0.7778,High
synthetic_balance,synthetic-00003,1.0,1.0,30.52,8.72,11.27,44.77,0.7703,High
synthetic_balance,synthetic-00175,1.0,1.0,25.13,6.62,8.22,94.33,0.7216,High
synthetic,,,,17.47,9.95,6.09,47.79,0.6043,Moderate
synthetic_balance,synthetic-00006,1.0,2.0,1.42,4.33,11.95,8.2,0.3632,Low
synthetic,,,,5.3,8.27,7.17,77.44,0.583,Moderate
synthetic_balance,synthetic-00284,1.0,2.0,35.33,9.38,10.12,23.45,0.7258,High
synthetic_balance,synthetic-00065,1.0,1.0,16.65,7.08,0.18,27.01,0.3283,Low
synthetic,,,,5.5,9.59,9.71,59.37,0.6248,Moderate
synthetic_balance,synthetic-00220,1.0,2.0,4.11,10.0,1.61,20.19,0.371,Low
synthetic_balance,synthetic-00173,1.0,2.0,0.0,4.13,5.85,16.57,0.2969,Low
synthetic_balance,synthetic-00283,1.0,1.0,38.96,8.42,8.71,54.34,0.759,High
synthetic,,,,36.99,0.99,10.2,90.27,0.6942,High
synthetic_balance,synthetic-00176,1.0,1.0,29.93,6.81,10.69,41.83,0.703,High
synthetic,,,,36.3,8.03,3.56,27.41,0.5703,Moderate
synthetic,,,,37.07,9.33,5.0,32.93,0.6514,Moderate
synthetic,,,,31.09,4.9,11.83,46.5,0.6795,Moderate
synthetic,,,,29.79,8.21,9.12,28.79,0.6532,Moderate
synthetic,,,,39.54,8.18,9.03,46.88,0.757,High
synthetic_balance,synthetic-00211,1.0,1.0,37.07,10.0,4.96,62.61,0.7501,High
synthetic_balance,synthetic-00291,1.0,2.0,15.66,9.12,6.38,100.0,0.7227,High
synthetic,,,,4.62,0.21,1.14,17.46,0.1015,Low
synthetic_balance,synthetic-00057,1.0,1.0,31.86,7.21,9.6,45.48,0.6998,High
synthetic,,,,34.69,7.08,10.05,97.59,0.847,High
synthetic,,,,0.07,1.12,10.42,0.12,0.2459,Low
synthetic,,,,7.8,5.69,10.99,53.72,0.5543,Moderate
synthetic_balance,synthetic-00338,1.0,1.0,25.12,9.76,12.28,50.08,0.7994,High
synthetic,,,,15.05,9.87,8.75,95.12,0.7609,High
synthetic_balance,synthetic-00249,1.0,1.0,7.62,3.47,4.48,25.17,0.3325,Low
synthetic,,,,18.26,3.94,9.82,37.78,0.5117,Moderate
synthetic_balance,synthetic-00082,1.0,1.0,23.94,10.0,11.9,47.76,0.7811,High
synthetic,,,,9.85,8.42,4.3,68.6,0.5331,Moderate
real,839d2c1d-1875-4f44-94ed-880ac62a4374,1.0,2.0,27.0,8.13,1.5,5.35,0.4861,Moderate
synthetic_balance,synthetic-00077,1.0,2.0,34.37,2.09,1.0,29.11,0.3643,Low
synthetic_balance,synthetic-00022,1.0,1.0,30.69,3.86,11.78,89.95,0.747,High
synthetic_balance,synthetic-00298,1.0,2.0,31.29,9.23,7.18,67.24,0.7537,High
synthetic_balance,synthetic-00189,1.0,1.0,26.35,7.53,7.21,99.7,0.7404,High
synthetic,,,,13.03,3.7,5.9,18.95,0.3444,Low
synthetic,,,,7.54,3.44,1.61,94.73,0.4036,Moderate
synthetic_balance,synthetic-00007,1.0,1.0,5.42,3.42,11.68,1.66,0.3729,Low
synthetic_balance,synthetic-00055,1.0,2.0,26.51,7.5,10.41,84.73,0.7522,High
synthetic_balance,synthetic-00276,1.0,1.0,35.26,9.53,10.78,15.28,0.7229,High
synthetic_balance,synthetic-00095,1.0,1.0,32.67,9.71,7.21,61.8,0.7537,High
synthetic,,,,23.16,0.05,0.94,68.04,0.3357,Low
synthetic_balance,synthetic-00280,1.0,1.0,27.36,3.7,11.91,88.09,0.7534,High
synthetic,,,,11.85,1.7,2.74,5.79,0.1882,Low
synthetic,,,,18.7,3.92,3.27,75.18,0.471,Moderate
synthetic_balance,synthetic-00179,1.0,1.0,12.63,2.27,4.3,13.31,0.2611,Low
synthetic,,,,26.4,3.02,11.4,36.63,0.5696,Moderate
synthetic_balance,synthetic-00040,1.0,2.0,35.21,2.46,0.66,28.99,0.3794,Low
synthetic,,,,22.09,8.37,1.75,22.52,0.4399,Moderate
synthetic_balance,synthetic-00030,1.0,1.0,29.67,8.15,6.43,99.32,0.8006,High
synthetic_balance,synthetic-00135,1.0,1.0,13.68,4.11,3.95,34.72,0.3461,Low
synthetic_balance,synthetic-00238,1.0,1.0,4.07,4.29,4.89,48.64,0.3794,Low
synthetic_balance,synthetic-00036,1.0,1.0,36.53,9.72,12.14,93.17,0.9547,High
synthetic,,,,12.22,2.51,4.7,14.99,0.2744,Low
synthetic,,,,4.8,0.71,11.88,7.41,0.3139,Low
synthetic,,,,37.66,1.21,10.81,10.04,0.5158,Moderate
synthetic,,,,25.75,8.23,5.6,22.72,0.5401,Moderate
synthetic_balance,synthetic-00323,1.0,1.0,25.66,7.31,7.3,96.72,0.7444,High
synthetic,,,,5.66,4.48,5.01,8.0,0.2719,Low
synthetic,,,,30.32,3.55,11.66,89.31,0.7444,High
synthetic,,,,4.12,0.41,3.33,6.55,0.1218,Low
synthetic_balance,synthetic-00037,1.0,1.0,21.24,7.59,10.14,100.0,0.7826,High
synthetic,,,,11.85,4.08,2.07,57.49,0.363,Low
synthetic,,,,31.29,7.48,9.87,44.82,0.7003,High
synthetic,,,,39.95,6.14,10.73,90.86,0.8538,High
synthetic_balance,synthetic-00241,1.0,2.0,17.88,2.31,3.17,8.35,0.2597,Low
synthetic,,,,1.41,1.58,2.87,97.57,0.3518,Low
synthetic_balance,synthetic-00050,1.0,2.0,21.38,7.39,8.37,100.0,0.7672,High
synthetic_balance,synthetic-00339,1.0,2.0,30.92,8.91,11.75,90.63,0.8818,High
synthetic_balance,synthetic-00101,1.0,1.0,28.93,8.75,11.55,43.99,0.758,High
synthetic,,,,21.4,9.16,7.03,39.72,0.6083,Moderate
synthetic,,,,30.17,8.2,6.55,99.67,0.7791,High
synthetic_balance,synthetic-00027,1.0,1.0,29.9,2.98,11.77,89.97,0.7603,High
synthetic,,,,12.04,4.89,8.12,95.56,0.6055,Moderate
synthetic,,,,19.77,1.16,1.33,84.2,0.3907,Moderate
synthetic_balance,synthetic-00153,1.0,2.0,0.96,4.69,4.4,14.47,0.2581,Low
synthetic_balance,synthetic-00102,1.0,2.0,17.49,5.14,1.32,6.15,0.3225,Low
synthetic,,,,9.45,0.49,2.27,6.33,0.1344,Low
synthetic,,,,35.7,7.5,11.91,53.14,0.7914,High
synthetic_balance,synthetic-00045,1.0,1.0,8.93,7.43,1.7,15.82,0.3302,Low
synthetic,,,,16.49,7.6,3.15,90.58,0.5851,Moderate
synthetic,,,,6.25,1.04,12.0,45.54,0.4289,Moderate
synthetic_balance,synthetic-00069,1.0,1.0,1.47,1.38,2.88,35.99,0.1925,Low
synthetic_balance,synthetic-00227,1.0,1.0,29.52,8.23,6.93,100.0,0.7854,High
synthetic_balance,synthetic-00241,1.0,2.0,23.35,5.79,10.83,98.68,0.7518,High
synthetic_balance,synthetic-00248,1.0,1.0,16.02,1.86,2.77,4.52,0.1888,Low
synthetic_balance,synthetic-00311,1.0,1.0,30.82,5.99,9.17,72.55,0.7395,High
synthetic_balance,synthetic-00243,1.0,1.0,0.0,4.1,3.23,42.03,0.2787,Low
synthetic,,,,9.39,5.48,5.4,79.55,0.5072,Moderate
synthetic,,,,8.28,4.23,2.53,13.47,0.2437,Low
synthetic,,,,38.34,4.82,9.5,8.27,0.5788,Moderate
synthetic_balance,synthetic-00010,1.0,2.0,36.7,9.91,3.83,71.03,0.7396,High
synthetic_balance,synthetic-00331,1.0,1.0,16.45,9.32,8.4,95.15,0.7667,High
synthetic,,,,5.2,4.76,3.11,66.98,0.3836,Low
synthetic_balance,synthetic-00004,1.0,1.0,39.14,4.05,10.0,62.32,0.7101,High
synthetic,,,,10.66,1.4,6.0,41.69,0.3307,Low
synthetic,,,,36.12,0.45,11.26,83.75,0.681,Moderate
synthetic,,,,12.55,2.73,2.01,43.88,0.2981,Low
synthetic,,,,39.94,1.93,2.27,42.28,0.4508,Moderate
synthetic,,,,12.3,5.98,0.58,27.8,0.3082,Low
synthetic_balance,synthetic-00062,1.0,2.0,22.09,6.93,7.53,98.42,0.7261,High
synthetic_balance,synthetic-00072,1.0,1.0,2.99,9.4,2.65,7.11,0.3435,Low
synthetic,,,,32.98,9.26,2.82,92.96,0.7286,High
synthetic_balance,synthetic-00085,1.0,1.0,26.95,0.96,0.3,4.97,0.1977,Low
synthetic,,,,13.68,7.18,9.79,99.87,0.7184,High
synthetic_balance,synthetic-00169,1.0,1.0,22.9,6.99,8.41,92.39,0.7381,High
synthetic,,,,25.04,2.02,9.71,61.78,0.5636,Moderate
synthetic_balance,synthetic-00317,1.0,1.0,39.04,8.49,9.02,46.14,0.7513,High
synthetic_balance,synthetic-00102,1.0,2.0,40.0,8.09,10.1,66.8,0.7911,High
synthetic_balance,synthetic-00046,1.0,2.0,14.59,2.92,2.33,11.51,0.2583,Low
synthetic,,,,7.82,4.1,6.01,86.18,0.4921,Moderate
synthetic_balance,synthetic-00020,1.0,1.0,15.51,6.69,10.63,99.98,0.7257,High
synthetic,,,,15.51,6.41,0.62,20.91,0.3224,Low
synthetic_balance,synthetic-00117,1.0,1.0,30.48,7.37,8.22,90.16,0.7749,High
synthetic,,,,23.37,7.35,3.9,37.13,0.504,Moderate
synthetic,,,,12.12,3.69,3.21,76.32,0.4258,Moderate
synthetic_balance,synthetic-00295,1.0,2.0,39.94,3.85,8.87,89.95,0.7594,High
synthetic,,,,10.19,1.35,11.35,40.2,0.4345,Moderate
synthetic,,,,27.12,8.46,0.96,44.96,0.5135,Moderate
synthetic,,,,17.8,0.63,11.64,31.07,0.4472,Moderate
synthetic_balance,synthetic-00310,1.0,2.0,37.29,7.47,9.19,74.15,0.8081,High
synthetic_balance,synthetic-00195,1.0,1.0,30.08,7.23,10.2,53.78,0.7045,High
synthetic_balance,synthetic-00061,1.0,1.0,31.8,7.72,7.32,85.72,0.7487,High
synthetic_balance,synthetic-00145,1.0,1.0,40.0,9.46,6.42,51.53,0.7429,High
synthetic,,,,5.24,1.24,11.17,39.76,0.3957,Moderate
synthetic,,,,34.3,4.63,4.93,63.96,0.5927,Moderate
synthetic,,,,11.4,3.35,10.23,52.01,0.4981,Moderate
synthetic,,,,9.87,7.37,8.3,52.31,0.5494,Moderate
synthetic,,,,31.07,8.11,8.68,10.28,0.6034,Moderate
synthetic,,,,16.94,5.52,6.26,68.62,0.5459,Moderate
synthetic_balance,synthetic-00300,1.0,1.0,16.13,7.17,10.36,96.24,0.7235,High
synthetic,,,,14.66,5.4,4.39,84.45,0.5292,Moderate
synthetic_balance,synthetic-00080,1.0,1.0,28.54,6.0,11.46,65.21,0.7383,High
synthetic,,,,23.07,8.06,2.46,97.86,0.6416,Moderate
synthetic,,,,8.32,5.19,9.81,8.9,0.4085,Moderate
synthetic_balance,synthetic-00178,1.0,1.0,28.97,0.03,0.0,77.71,0.3612,Low
synthetic_balance,synthetic-00191,1.0,2.0,9.57,2.26,1.08,99.06,0.3701,Low
synthetic,,,,26.73,3.77,7.62,4.01,0.4299,Moderate
synthetic_balance,synthetic-00008,1.0,2.0,30.11,7.57,10.15,41.21,0.6838,High
synthetic,,,,8.83,6.56,3.82,73.47,0.4826,Moderate
synthetic,,,,26.74,4.71,7.0,76.5,0.622,Moderate
synthetic,,,,16.13,9.23,3.33,72.98,0.5835,Moderate
synthetic_balance,synthetic-00070,1.0,1.0,13.84,1.81,8.42,21.09,0.3536,Low
synthetic_balance,synthetic-00059,1.0,1.0,36.49,7.26,3.25,97.3,0.7156,High
synthetic,,,,14.37,0.11,7.34,99.12,0.4934,Moderate
synthetic_balance,synthetic-00004,1.0,2.0,2.73,7.53,2.38,38.73,0.3546,Low
synthetic_balance,synthetic-00111,1.0,2.0,16.01,2.0,7.33,9.44,0.363,Low
synthetic,,,,18.45,4.25,1.09,67.23,0.4123,Moderate
synthetic_balance,synthetic-00221,1.0,1.0,10.65,1.97,1.01,55.98,0.2903,Low
synthetic,,,,22.88,2.14,10.85,34.27,0.5082,Moderate
synthetic,,,,36.39,7.94,1.18,42.91,0.5576,Moderate
synthetic,,,,14.66,5.21,5.82,32.69,0.4249,Moderate
synthetic,,,,23.36,6.5,1.47,41.58,0.4431,Moderate
synthetic,,,,3.92,2.76,5.26,4.25,0.2137,Low
synthetic_balance,synthetic-00225,1.0,1.0,28.79,1.48,0.27,12.38,0.2727,Low
synthetic,,,,25.32,2.88,8.95,20.24,0.4674,Moderate
synthetic,,,,34.02,4.46,3.12,75.93,0.579,Moderate
synthetic_balance,synthetic-00166,1.0,2.0,20.88,10.0,12.26,83.49,0.8169,High
synthetic,,,,0.3,3.36,9.67,83.92,0.4972,Moderate
synthetic,,,,34.26,0.78,9.3,30.77,0.5042,Moderate
synthetic,,,,1.24,3.96,11.37,5.09,0.3564,Low
synthetic,,,,23.61,8.49,0.55,85.34,0.5848,Moderate
synthetic_balance,synthetic-00206,1.0,2.0,15.14,2.01,6.89,34.26,0.4035,Low
synthetic,,,,29.54,4.03,6.96,71.98,0.6104,Moderate
synthetic_balance,synthetic-00159,1.0,2.0,24.53,2.72,1.42,1.49,0.2914,Low
synthetic,,,,25.38,3.43,5.33,95.92,0.5954,Moderate
synthetic,,,,11.57,2.58,7.24,41.0,0.3901,Moderate
synthetic,,,,6.88,8.9,5.9,47.61,0.5076,Moderate
synthetic,,,,31.48,6.65,8.61,78.07,0.7375,High
synthetic,,,,8.94,4.55,5.26,17.67,0.3234,Low
synthetic_balance,synthetic-00274,1.0,1.0,32.7,7.51,9.28,53.15,0.7153,High
synthetic_balance,synthetic-00081,1.0,2.0,1.92,0.53,3.27,48.56,0.2705,Low
synthetic,,,,7.82,6.8,2.96,9.92,0.3053,Low
synthetic,,,,22.22,8.02,11.13,82.26,0.777,High
synthetic_balance,synthetic-00142,1.0,1.0,16.59,10.0,9.89,75.73,0.779,High
synthetic,,,,16.95,9.3,6.28,97.11,0.712,High
synthetic,,,,22.85,4.16,1.07,37.36,0.3625,Low
synthetic,,,,8.66,6.89,10.96,29.5,0.5285,Moderate
synthetic_balance,synthetic-00256,1.0,1.0,5.53,8.44,2.26,19.62,0.3266,Low
synthetic,,,,39.29,6.07,5.39,37.0,0.6021,Moderate
synthetic_balance,synthetic-00273,1.0,1.0,29.93,9.98,11.17,100.0,0.8899,High
synthetic,,,,5.64,9.72,10.88,92.19,0.7356,High
synthetic,,,,26.57,4.06,9.86,16.7,0.5149,Moderate
synthetic_balance,synthetic-00309,1.0,2.0,39.3,5.55,9.48,97.39,0.8342,High
synthetic_balance,synthetic-00225,1.0,1.0,35.84,9.92,12.8,99.04,0.9541,High
synthetic_balance,synthetic-00087,1.0,1.0,30.61,9.85,10.84,96.1,0.9078,High
synthetic_balance,synthetic-00242,1.0,1.0,1.94,4.18,1.71,71.97,0.327,Low
synthetic,,,,11.01,1.39,3.76,67.47,0.3505,Low
synthetic,,,,3.79,1.66,8.82,38.91,0.3461,Low
synthetic,,,,29.88,1.31,9.78,93.69,0.6574,Moderate
synthetic,,,,14.29,2.65,7.52,20.54,0.3636,Low
synthetic_balance,synthetic-00008,1.0,2.0,18.57,3.81,3.62,21.7,0.3158,Low
synthetic_balance,synthetic-00073,1.0,2.0,37.4,0.81,9.57,93.55,0.685,High
synthetic,,,,22.95,4.98,7.18,37.67,0.5116,Moderate
synthetic_balance,synthetic-00046,1.0,2.0,37.17,9.85,10.63,80.6,0.9108,High
synthetic,,,,34.38,3.78,10.29,24.17,0.5843,Moderate
synthetic,,,,37.45,4.38,4.91,72.97,0.6282,Moderate
synthetic,,,,15.81,7.47,4.77,18.88,0.4322,Moderate
synthetic_balance,synthetic-00110,1.0,1.0,7.86,9.38,0.58,21.79,0.3559,Low
synthetic,,,,3.36,2.44,10.2,63.76,0.4539,Moderate
synthetic,,,,25.97,6.7,9.27,5.81,0.5376,Moderate
synthetic_balance,synthetic-00044,1.0,1.0,11.55,2.92,10.57,7.4,0.3753,Low
synthetic_balance,synthetic-00082,1.0,1.0,28.62,0.54,0.77,75.27,0.3903,Low
synthetic_balance,synthetic-00009,1.0,1.0,13.24,3.94,1.58,7.89,0.2313,Low
synthetic_balance,synthetic-00226,1.0,2.0,30.41,7.78,10.17,44.15,0.7004,High
synthetic,,,,36.61,4.97,2.05,36.54,0.487,Moderate
synthetic_balance,synthetic-00254,1.0,1.0,5.59,5.05,5.25,48.12,0.3916,Low
synthetic_balance,synthetic-00156,1.0,2.0,30.11,7.66,9.42,59.49,0.6999,High
synthetic_balance,synthetic-00318,1.0,1.0,33.36,6.89,9.27,77.57,0.7362,High
synthetic,,,,17.24,0.36,6.65,99.35,0.5036,Moderate
synthetic,,,,11.38,3.04,10.55,2.4,0.3729,Low
synthetic_balance,synthetic-00114,1.0,2.0,37.02,4.21,8.85,90.18,0.7244,High
synthetic_balance,synthetic-00108,1.0,1.0,5.52,8.86,2.98,4.74,0.331,Low
synthetic,,,,38.37,6.53,6.2,11.07,0.5598,Moderate
synthetic_balance,synthetic-00257,1.0,2.0,37.72,8.88,5.98,52.95,0.7402,High
synthetic,,,,13.29,1.69,2.94,9.0,0.209,Low
synthetic,,,,23.53,6.86,0.64,45.43,0.4455,Moderate
synthetic,,,,19.3,7.69,10.3,50.48,0.6535,Moderate
synthetic,,,,23.3,9.94,11.89,52.68,0.7734,High
synthetic_balance,synthetic-00074,1.0,1.0,35.23,8.51,10.27,21.13,0.6964,High
synthetic,,,,35.87,4.76,1.19,82.22,0.5735,Moderate
synthetic_balance,synthetic-00131,1.0,1.0,28.02,2.61,1.76,4.33,0.3418,Low
synthetic,,,,13.59,0.71,5.97,75.38,0.4155,Moderate
synthetic_balance,synthetic-00078,1.0,1.0,20.66,9.03,11.78,86.0,0.8261,High
synthetic_balance,synthetic-00116,1.0,2.0,38.0,9.88,12.01,97.24,0.9723,High
synthetic,,,,10.41,4.19,9.22,82.66,0.5684,Moderate
synthetic_balance,synthetic-00056,1.0,1.0,4.41,0.6,11.96,6.09,0.3216,Low
synthetic_balance,synthetic-00337,1.0,2.0,12.63,7.78,10.35,79.74,0.7112,High
synthetic_balance,synthetic-00249,1.0,1.0,30.69,9.69,11.48,97.71,0.9111,High
synthetic_balance,synthetic-00099,1.0,2.0,13.83,7.81,10.35,83.3,0.6929,High
synthetic_balance,synthetic-00296,1.0,1.0,15.69,10.0,10.62,73.67,0.7583,High
synthetic,,,,29.5,0.72,6.43,48.16,0.4567,Moderate
synthetic_balance,synthetic-00045,1.0,1.0,3.82,9.8,11.0,93.87,0.7299,High
synthetic_balance,synthetic-00253,1.0,2.0,40.0,6.14,11.64,91.78,0.846,High
synthetic,,,,1.06,0.49,7.42,48.62,0.2951,Low
synthetic,,,,10.58,0.4,1.74,24.02,0.1724,Low
synthetic_balance,synthetic-00083,1.0,2.0,15.35,5.88,1.73,28.7,0.3573,Low
real,0d4ef2b3-2a66-4841-9584-9fd805e7c05e,1.0,2.0,27.0,8.13,1.5,80.0,0.6033,Moderate
synthetic,,,,17.45,3.25,6.5,43.12,0.4334,Moderate
synthetic_balance,synthetic-00033,1.0,1.0,16.61,7.17,9.53,100.0,0.7268,High
synthetic,,,,9.79,1.61,11.31,88.8,0.5591,Moderate
synthetic_balance,synthetic-00254,1.0,1.0,26.86,7.01,7.92,94.97,0.7378,High
synthetic_balance,synthetic-00039,1.0,1.0,6.54,4.89,1.33,65.82,0.3803,Low
synthetic_balance,synthetic-00123,1.0,2.0,11.25,3.09,5.0,34.1,0.3164,Low
synthetic_balance,synthetic-00054,1.0,1.0,35.13,1.23,10.65,89.34,0.6963,High
synthetic,,,,32.82,2.41,4.65,17.64,0.4063,Moderate
synthetic_balance,synthetic-00063,1.0,1.0,24.42,10.0,12.01,54.36,0.7667,High
synthetic_balance,synthetic-00120,1.0,1.0,21.77,3.3,7.54,0.0,0.3897,Low
synthetic_balance,synthetic-00207,1.0,2.0,12.12,6.77,10.59,98.82,0.7014,High
synthetic,,,,25.5,0.51,11.79,46.9,0.5349,Moderate
synthetic,,,,2.7,5.12,3.47,66.29,0.383,Low
synthetic_balance,synthetic-00201,1.0,1.0,28.25,2.87,0.83,0.57,0.2779,Low
synthetic,,,,11.33,5.61,9.61,78.38,0.6073,Moderate
synthetic_balance,synthetic-00258,1.0,1.0,29.13,3.44,2.06,21.96,0.3852,Low
synthetic_balance,synthetic-00247,1.0,2.0,29.36,9.35,11.53,52.89,0.767,High
synthetic,,,,29.14,0.43,0.56,72.95,0.3869,Low
synthetic_balance,synthetic-00163,1.0,1.0,2.74,2.54,5.52,4.99,0.2035,Low
synthetic_balance,synthetic-00163,1.0,1.0,32.71,6.97,11.96,50.8,0.794,High
synthetic,,,,22.18,3.21,4.48,37.86,0.4067,Moderate
synthetic_balance,synthetic-00098,1.0,1.0,19.61,7.05,7.81,87.74,0.7213,High
synthetic,,,,3.81,7.28,11.73,31.83,0.5298,Moderate
synthetic_balance,synthetic-00116,1.0,2.0,13.44,5.89,5.17,25.87,0.385,Low
synthetic_balance,synthetic-00030,1.0,1.0,21.0,2.61,5.31,38.19,0.3787,Low
synthetic,,,,12.56,7.43,0.67,82.72,0.4849,Moderate
synthetic,,,,22.01,0.78,10.27,61.38,0.5246,Moderate
synthetic,,,,29.87,2.62,11.27,24.1,0.5474,Moderate
synthetic,,,,16.37,6.02,11.26,46.76,0.6042,Moderate
synthetic,,,,1.66,4.94,4.29,14.45,0.2595,Low
synthetic,,,,20.36,9.07,5.32,64.71,0.6266,Moderate
synthetic_balance,synthetic-00305,1.0,1.0,34.03,5.92,9.48,51.16,0.711,High
synthetic,,,,34.05,1.55,8.95,19.3,0.4863,Moderate
synthetic,,,,4.7,0.6,10.1,15.58,0.2937,Low
synthetic_balance,synthetic-00228,1.0,1.0,5.59,0.85,9.61,29.99,0.3162,Low
synthetic_balance,synthetic-00214,1.0,1.0,39.89,5.79,11.42,78.45,0.8266,High
synthetic,,,,7.73,1.03,10.46,58.93,0.4394,Moderate
synthetic_balance,synthetic-00171,1.0,2.0,39.7,1.48,3.8,4.44,0.3726,Low
synthetic_balance,synthetic-00175,1.0,2.0,13.94,4.42,4.63,14.24,0.3302,Low
synthetic_balance,synthetic-00074,1.0,1.0,21.66,3.98,2.77,10.87,0.3306,Low
synthetic,,,,33.18,7.97,3.18,53.08,0.6054,Moderate
synthetic_balance,synthetic-00282,1.0,2.0,39.13,8.17,10.37,22.06,0.7031,High
synthetic_balance,synthetic-00129,1.0,1.0,38.43,3.29,9.21,90.16,0.7321,High
synthetic_balance,synthetic-00139,1.0,2.0,14.84,1.6,6.07,46.68,0.3152,Low
synthetic_balance,synthetic-00088,1.0,2.0,32.42,8.27,11.65,89.68,0.8784,High
synthetic_balance,synthetic-00161,1.0,2.0,37.05,5.25,8.12,86.7,0.7273,High
synthetic_balance,synthetic-00250,1.0,1.0,35.57,9.56,10.18,18.7,0.7426,High
synthetic_balance,synthetic-00128,1.0,1.0,33.02,6.35,9.64,54.3,0.714,High
synthetic_balance,synthetic-00020,1.0,1.0,5.7,9.72,1.57,23.63,0.3823,Low
synthetic,,,,2.69,2.02,0.7,45.33,0.1953,Low
synthetic,,,,29.72,2.37,10.04,54.58,0.5907,Moderate
synthetic_balance,synthetic-00190,1.0,1.0,6.26,1.8,8.73,36.33,0.3532,Low
synthetic_balance,synthetic-00148,1.0,2.0,36.71,0.06,10.4,90.89,0.6978,High
synthetic,,,,11.39,7.88,7.77,92.92,0.6623,Moderate
synthetic_balance,synthetic-00035,1.0,1.0,38.98,8.42,9.92,25.24,0.7169,High
synthetic,,,,21.14,8.33,3.99,43.98,0.5334,Moderate
synthetic,,,,22.6,5.72,5.86,52.26,0.5371,Moderate
synthetic,,,,18.59,3.68,3.02,20.84,0.3232,Low
synthetic,,,,39.49,1.51,1.52,67.42,0.4846,Moderate
synthetic_balance,synthetic-00335,1.0,1.0,21.99,9.72,11.75,57.17,0.7689,High
synthetic,,,,34.41,3.2,4.65,5.53,0.4058,Moderate
synthetic_balance,synthetic-00148,1.0,1.0,7.64,7.19,0.38,35.2,0.3034,Low
synthetic,,,,37.97,4.03,10.09,68.13,0.7186,High
synthetic,,,,29.54,3.17,10.74,59.38,0.636,Moderate
synthetic_balance,synthetic-00014,1.0,1.0,0.74,1.89,10.24,0.0,0.2339,Low
synthetic_balance,synthetic-00172,1.0,1.0,33.26,2.56,2.36,0.0,0.3421,Low
synthetic_balance,synthetic-00144,1.0,1.0,14.27,1.82,3.14,59.69,0.3628,Low
synthetic,,,,24.26,4.45,5.59,7.18,0.3973,Moderate
synthetic_balance,synthetic-00084,1.0,1.0,10.15,0.76,5.26,20.44,0.2562,Low
synthetic,,,,8.58,5.63,9.19,25.74,0.4501,Moderate
real,0d4ef2b3-2a66-4841-9584-9fd805e7c05e,1.0,4.0,24.0,10.0,7.5,20.0,0.6063,Moderate
synthetic,,,,5.59,4.41,5.27,52.19,0.3854,Low
synthetic_balance,synthetic-00023,1.0,2.0,3.9,0.75,2.99,3.61,0.1261,Low
synthetic_balance,synthetic-00240,1.0,1.0,0.18,3.63,6.21,21.61,0.2882,Low
synthetic,,,,26.25,0.36,0.56,5.17,0.1977,Low
synthetic,,,,6.79,7.97,3.5,15.35,0.3528,Low
synthetic_balance,synthetic-00167,1.0,1.0,11.13,0.7,1.54,25.03,0.1714,Low
synthetic_balance,synthetic-00336,1.0,2.0,29.76,7.55,9.34,56.66,0.699,High
synthetic,,,,13.11,5.03,5.3,25.74,0.3824,Low
synthetic,,,,18.2,5.16,4.09,5.1,0.3408,Low
synthetic,,,,5.9,2.73,4.05,12.73,0.2213,Low
synthetic_balance,synthetic-00230,1.0,1.0,35.21,7.47,11.84,53.57,0.7938,High
synthetic,,,,2.29,8.01,11.17,77.21,0.6403,Moderate
synthetic,,,,8.62,7.45,2.01,19.86,0.3317,Low
synthetic,,,,33.02,2.95,5.77,44.23,0.511,Moderate
synthetic_balance,synthetic-00012,1.0,2.0,14.94,10.0,8.77,99.13,0.7578,High
synthetic,,,,38.79,9.85,3.81,73.38,0.7515,High
synthetic,,,,4.75,9.37,10.79,18.6,0.5352,Moderate
synthetic,,,,1.48,3.73,1.06,10.93,0.1518,Low
synthetic_balance,synthetic-00200,1.0,1.0,8.35,3.76,4.89,11.68,0.2814,Low
synthetic,,,,8.75,8.16,10.4,16.77,0.5172,Moderate
synthetic_balance,synthetic-00109,1.0,1.0,40.0,5.78,10.18,100.0,0.835,High
synthetic_balance,synthetic-00092,1.0,1.0,1.05,5.25,3.86,14.29,0.2571,Low
synthetic,,,,0.79,3.27,2.77,77.82,0.3389,Low
synthetic,,,,22.9,5.66,8.57,64.79,0.6251,Moderate
synthetic,,,,5.97,9.62,2.55,19.95,0.3808,Low
synthetic_balance,synthetic-00255,1.0,1.0,19.08,7.6,10.67,99.73,0.7739,High
synthetic_balance,synthetic-00134,1.0,2.0,16.48,3.85,3.71,22.22,0.3121,Low
synthetic_balance,synthetic-00017,1.0,2.0,0.06,3.9,6.21,16.35,0.3177,Low
synthetic,,,,30.52,9.7,10.92,97.07,0.9034,High
synthetic_balance,synthetic-00066,1.0,2.0,3.29,1.93,9.11,38.59,0.3519,Low
synthetic_balance,synthetic-00213,1.0,1.0,30.73,9.31,1.96,92.9,0.725,High
synthetic,,,,19.05,4.5,7.87,20.15,0.4457,Moderate
synthetic,,,,4.77,1.34,3.7,30.47,0.2165,Low
synthetic,,,,23.6,0.95,7.59,17.13,0.3721,Low
synthetic,,,,38.53,7.82,10.47,11.41,0.6829,Moderate
synthetic,,,,28.33,1.75,4.61,47.84,0.4365,Moderate
synthetic,,,,18.04,5.68,5.81,65.88,0.5405,Moderate
synthetic,,,,16.81,1.88,4.4,70.38,0.4197,Moderate
synthetic,,,,17.93,2.65,5.02,42.51,0.3891,Low
synthetic,,,,0.56,2.3,2.02,67.77,0.2723,Low
synthetic_balance,synthetic-00238,1.0,1.0,37.78,8.36,9.73,63.14,0.8024,High
synthetic,,,,30.34,7.19,5.47,62.73,0.6403,Moderate
synthetic_balance,synthetic-00316,1.0,1.0,38.93,9.9,3.6,75.13,0.7579,High
synthetic,,,,22.48,1.27,9.14,50.77,0.4895,Moderate
synthetic,,,,9.77,9.13,11.12,84.33,0.7318,High
synthetic,,,,5.94,5.08,5.15,47.42,0.39,Low
synthetic_balance,synthetic-00106,1.0,1.0,9.3,1.95,6.19,37.62,0.3113,Low
synthetic_balance,synthetic-00161,1.0,2.0,25.19,2.78,1.18,8.76,0.2634,Low
synthetic,,,,0.98,2.2,8.69,56.35,0.383,Low
synthetic,,,,36.53,1.4,8.29,81.45,0.6397,Moderate
synthetic_balance,synthetic-00187,1.0,1.0,6.52,3.41,4.63,41.54,0.3439,Low
synthetic_balance,synthetic-00149,1.0,2.0,34.38,6.34,8.89,56.85,0.7179,High
synthetic,,,,25.69,6.9,11.8,41.18,0.682,Moderate
synthetic_balance,synthetic-00196,1.0,2.0,19.28,5.75,2.02,13.59,0.318,Low
synthetic_balance,synthetic-00104,1.0,1.0,29.45,7.14,9.51,61.51,0.7041,High
synthetic_balance,synthetic-00078,1.0,1.0,15.36,4.04,1.32,7.79,0.2406,Low
synthetic,,,,35.94,2.53,8.61,6.72,0.4841,Moderate
synthetic,,,,6.48,6.39,9.5,21.09,0.451,Moderate
synthetic,,,,13.35,8.98,9.27,27.05,0.5687,Moderate
synthetic,,,,4.46,3.85,1.2,69.82,0.3235,Low
synthetic,,,,6.17,6.83,9.06,96.75,0.6401,Moderate
synthetic,,,,7.87,3.77,5.03,13.11,0.2811,Low
synthetic_balance,synthetic-00256,1.0,2.0,19.65,7.54,10.13,100.0,0.768,High
synthetic,,,,38.12,6.1,3.43,62.55,0.6187,Moderate
synthetic_balance,synthetic-00005,1.0,2.0,40.0,7.62,9.48,60.43,0.7958,High
synthetic,,,,36.16,5.49,2.23,20.28,0.4604,Moderate
synthetic_balance,synthetic-00073,1.0,1.0,2.19,3.47,1.16,9.67,0.1599,Low
synthetic,,,,36.71,9.84,4.55,63.82,0.7298,High
synthetic_balance,synthetic-00125,1.0,1.0,1.99,3.14,1.13,10.42,0.1483,Low
synthetic,,,,0.76,1.65,8.84,70.81,0.4073,Moderate
synthetic,,,,6.98,7.64,6.21,91.92,0.5938,Moderate
synthetic,,,,29.34,8.78,4.86,51.7,0.6335,Moderate
synthetic,,,,37.12,4.92,6.58,60.2,0.6425,Moderate
synthetic,,,,33.23,0.52,5.99,88.63,0.5671,Moderate
synthetic_balance,synthetic-00029,1.0,1.0,7.23,2.42,1.93,84.73,0.3658,Low
synthetic_balance,synthetic-00137,1.0,1.0,4.79,0.53,2.95,79.09,0.267,Low
synthetic_balance,synthetic-00018,1.0,2.0,39.63,4.14,9.15,90.53,0.7504,High
synthetic,,,,14.97,4.26,8.0,86.75,0.5835,Moderate
synthetic_balance,synthetic-00136,1.0,2.0,9.07,7.5,2.25,17.7,0.3306,Low
synthetic_balance,synthetic-00127,1.0,1.0,34.99,0.91,9.88,90.01,0.7011,High
synthetic,,,,13.69,4.08,5.56,12.58,0.3349,Low
synthetic,,,,5.87,3.36,11.86,1.62,0.3719,Low
synthetic,,,,15.15,5.88,11.61,52.2,0.614,Moderate
synthetic_balance,synthetic-00215,1.0,1.0,9.78,9.14,10.32,86.43,0.7403,High
synthetic,,,,11.46,9.25,0.79,55.52,0.458,Moderate
synthetic_balance,synthetic-00277,1.0,1.0,28.73,7.78,6.95,100.0,0.779,High
synthetic_balance,synthetic-00071,1.0,1.0,4.03,5.04,5.67,5.54,0.2642,Low
synthetic,,,,26.13,6.73,5.5,22.86,0.5033,Moderate
synthetic,,,,3.88,8.46,7.59,54.24,0.5295,Moderate
synthetic,,,,24.79,9.33,11.78,6.96,0.651,Moderate
synthetic_balance,synthetic-00203,1.0,2.0,32.01,9.69,10.72,18.68,0.7472,High
synthetic_balance,synthetic-00188,1.0,2.0,13.18,3.73,4.03,28.05,0.3559,Low
synthetic_balance,synthetic-00149,1.0,1.0,31.89,3.87,1.63,0.99,0.3336,Low
synthetic,,,,13.66,1.63,6.47,53.32,0.3942,Moderate
synthetic,,,,7.57,2.86,11.59,9.43,0.3839,Low
synthetic,,,,7.99,8.04,8.73,73.9,0.6175,Moderate
synthetic,,,,39.12,4.75,2.01,5.17,0.4179,Moderate
synthetic_balance,synthetic-00094,1.0,1.0,0.27,2.32,0.11,41.83,0.1866,Low
synthetic_balance,synthetic-00270,1.0,1.0,29.64,3.86,11.94,88.19,0.7371,High
synthetic_balance,synthetic-00182,1.0,1.0,0.2,3.39,3.23,79.24,0.3273,Low
synthetic,,,,36.75,0.09,2.67,3.13,0.2954,Low
synthetic_balance,synthetic-00131,1.0,1.0,34.95,8.37,9.76,23.02,0.7063,High
synthetic,,,,28.88,1.69,11.27,18.79,0.5045,Moderate
synthetic_balance,synthetic-00224,1.0,1.0,3.92,1.87,8.4,36.38,0.3558,Low
synthetic_balance,synthetic-00085,1.0,1.0,32.87,3.46,11.6,90.77,0.7444,High
synthetic_balance,synthetic-00011,1.0,1.0,29.97,6.97,9.21,55.65,0.7032,High
synthetic,,,,24.75,9.27,3.47,69.29,0.6318,Moderate
synthetic_balance,synthetic-00312,1.0,1.0,23.39,7.74,10.97,87.58,0.7875,High
synthetic,,,,23.27,0.22,10.26,15.54,0.4035,Moderate
synthetic,,,,25.36,1.06,2.11,41.91,0.3338,Low
synthetic,,,,38.65,5.96,11.23,80.44,0.8256,High
synthetic_balance,synthetic-00055,1.0,2.0,27.54,1.81,0.67,9.9,0.2719,Low
synthetic_balance,synthetic-00150,1.0,2.0,26.0,2.27,1.03,6.93,0.2693,Low
synthetic_balance,synthetic-00002,1.0,1.0,5.39,9.06,2.75,0.0,0.3387,Low
synthetic_balance,synthetic-00195,1.0,2.0,28.9,1.01,5.88,20.84,0.3749,Low
synthetic,,,,29.47,8.86,11.09,50.36,0.7628,High
synthetic_balance,synthetic-00226,1.0,1.0,6.09,4.52,2.02,17.43,0.2172,Low
synthetic_balance,synthetic-00053,1.0,1.0,40.0,9.2,11.14,82.59,0.9316,High
synthetic_balance,synthetic-00245,1.0,1.0,8.81,0.31,6.26,43.11,0.3097,Low
synthetic_balance,synthetic-00026,1.0,1.0,30.43,4.37,11.5,58.55,0.6919,High
synthetic,,,,35.02,2.84,9.56,38.28,0.5848,Moderate
synthetic,,,,16.87,0.67,7.32,22.8,0.3316,Low
synthetic_balance,synthetic-00130,1.0,2.0,15.8,0.35,3.13,39.66,0.3217,Low
synthetic_balance,synthetic-00049,1.0,1.0,16.0,6.07,1.7,32.22,0.3629,Low
synthetic_balance,synthetic-00081,1.0,1.0,34.42,6.96,9.69,94.97,0.8496,High
synthetic_balance,synthetic-00240,1.0,2.0,36.23,6.19,9.97,56.16,0.711,High
synthetic_balance,synthetic-00037,1.0,2.0,0.2,1.69,2.74,95.39,0.3364,Low
synthetic,,,,27.79,8.61,2.02,61.44,0.5845,Moderate
synthetic,,,,22.49,1.02,8.01,95.53,0.5717,Moderate
synthetic,,,,12.59,5.64,8.28,6.61,0.4088,Moderate
synthetic,,,,0.04,2.12,10.79,64.63,0.4396,Moderate
synthetic,,,,25.39,5.54,6.93,30.4,0.5175,Moderate
synthetic,,,,29.05,4.61,8.09,59.97,0.6153,Moderate
synthetic,,,,39.18,8.02,9.46,64.25,0.8032,High
synthetic,,,,10.99,8.87,2.66,8.48,0.3669,Low
synthetic,,,,6.45,5.01,2.25,69.63,0.3866,Low
synthetic_balance,synthetic-00039,1.0,1.0,34.73,4.49,9.3,83.95,0.7385,High
synthetic,,,,0.02,4.32,9.35,73.35,0.4862,Moderate
synthetic,,,,12.82,9.76,5.1,68.54,0.6017,Moderate
synthetic_balance,synthetic-00227,1.0,2.0,28.94,0.07,0.94,5.18,0.1934,Low
synthetic_balance,synthetic-00182,1.0,1.0,33.45,9.09,11.79,86.64,0.8905,High
synthetic,,,,18.91,9.5,4.44,17.72,0.4925,Moderate
synthetic_balance,synthetic-00107,1.0,2.0,14.95,1.7,3.29,58.9,0.3703,Low
synthetic,,,,2.02,8.67,4.02,61.89,0.4679,Moderate
synthetic_balance,synthetic-00022,1.0,1.0,3.16,0.94,2.18,97.71,0.3529,Low
synthetic_balance,synthetic-00079,1.0,1.0,3.15,0.68,3.15,76.83,0.2775,Low
synthetic_balance,synthetic-00059,1.0,1.0,11.69,2.26,2.44,54.4,0.3026,Low
synthetic_balance,synthetic-00325,1.0,1.0,29.54,8.24,6.2,100.0,0.7812,High
synthetic,,,,39.88,8.79,3.76,83.69,0.7567,High
synthetic_balance,synthetic-00303,1.0,1.0,38.37,5.46,10.55,100.0,0.852,High
synthetic,,,,19.0,6.03,3.32,4.26,0.3495,Low
synthetic_balance,synthetic-00257,1.0,1.0,10.45,9.12,2.74,6.65,0.3463,Low
synthetic,,,,16.35,2.18,7.27,31.7,0.3872,Low
synthetic_balance,synthetic-00185,1.0,1.0,11.65,0.36,2.25,2.85,0.1469,Low
synthetic,,,,30.06,1.19,1.49,17.63,0.2927,Low
synthetic_balance,synthetic-00035,1.0,2.0,2.18,2.21,2.86,68.65,0.2615,Low
synthetic,,,,8.28,3.02,5.03,41.66,0.3363,Low
synthetic_balance,synthetic-00281,1.0,1.0,33.28,9.29,2.22,90.1,0.7246,High
synthetic,,,,5.12,4.5,4.76,92.68,0.4756,Moderate
synthetic,,,,24.24,8.01,3.24,84.94,0.6318,Moderate
synthetic,,,,30.08,5.41,3.77,89.7,0.626,Moderate
synthetic_balance,synthetic-00086,1.0,1.0,38.82,6.17,11.24,81.68,0.8282,High
synthetic_balance,synthetic-00137,1.0,1.0,38.68,8.21,9.44,65.68,0.788,High
synthetic,,,,29.58,8.01,1.06,23.45,0.4659,Moderate
real,4a2f30ad-0965-43ea-885c-86532c7314fe,1.0,2.0,18.0,5.0,3.5,5.58,0.386,Low
synthetic,,,,15.39,1.81,4.55,28.75,0.308,Low
synthetic,,,,18.02,1.81,2.99,9.52,0.244,Low
synthetic_balance,synthetic-00120,1.0,1.0,36.58,9.9,4.16,64.98,0.7377,High
synthetic,,,,6.81,0.69,8.87,28.81,0.3167,Low
synthetic_balance,synthetic-00140,1.0,1.0,26.64,0.83,1.16,26.67,0.2584,Low
synthetic_balance,synthetic-00180,1.0,1.0,27.66,8.58,11.5,54.02,0.7826,High
synthetic_balance,synthetic-00180,1.0,2.0,13.72,1.86,2.36,13.59,0.1707,Low
synthetic,,,,9.04,4.38,11.38,37.83,0.4975,Moderate
synthetic,,,,3.62,8.97,0.83,24.08,0.3244,Low
synthetic,,,,12.58,7.74,9.29,84.43,0.6768,Moderate
synthetic_balance,synthetic-00128,1.0,1.0,8.38,3.87,4.96,39.91,0.3206,Low
synthetic,,,,32.77,0.93,5.04,73.78,0.5174,Moderate
synthetic_balance,synthetic-00212,1.0,2.0,11.23,0.17,7.75,35.69,0.3273,Low
synthetic_balance,synthetic-00187,1.0,2.0,31.66,7.55,9.69,41.88,0.7021,High
synthetic,,,,5.61,5.54,1.75,67.22,0.3781,Low
synthetic,,,,33.07,1.39,5.43,68.98,0.5268,Moderate
synthetic,,,,18.16,2.48,3.22,74.6,0.4291,Moderate
synthetic_balance,synthetic-00244,1.0,1.0,13.72,0.85,6.3,42.79,0.3423,Low
synthetic,,,,25.56,0.02,11.92,28.09,0.479,Moderate
synthetic,,,,31.1,9.72,6.26,14.39,0.6037,Moderate
synthetic_balance,synthetic-00048,1.0,1.0,35.14,4.32,11.19,66.55,0.7184,High
synthetic,,,,6.61,2.53,2.34,85.19,0.3664,Low
synthetic_balance,synthetic-00221,1.0,2.0,13.15,9.62,8.84,99.87,0.7503,High
synthetic_balance,synthetic-00053,1.0,1.0,17.54,5.64,3.47,6.96,0.3833,Low
synthetic,,,,1.77,4.01,4.23,94.86,0.4365,Moderate
synthetic_balance,synthetic-00069,1.0,1.0,21.43,8.09,11.89,88.0,0.7776,High
synthetic_balance,synthetic-00067,1.0,1.0,12.68,2.73,2.78,19.33,0.2591,Low
synthetic,,,,3.59,0.25,2.82,75.66,0.2767,Low
synthetic,,,,3.99,2.04,9.05,2.31,0.2704,Low
synthetic,,,,10.81,1.61,9.41,49.66,0.428,Moderate
synthetic_balance,synthetic-00245,1.0,1.0,37.06,8.71,10.31,25.37,0.7144,High
synthetic_balance,synthetic-00106,1.0,2.0,25.05,6.73,8.67,99.42,0.7592,High
synthetic_balance,synthetic-00076,1.0,1.0,10.4,0.94,3.23,67.58,0.3393,Low
synthetic_balance,synthetic-00061,1.0,1.0,5.13,5.83,1.9,73.61,0.3829,Low
synthetic_balance,synthetic-00209,1.0,2.0,30.51,2.97,11.81,88.03,0.7421,High
synthetic_balance,synthetic-00001,1.0,2.0,2.94,9.47,2.95,19.98,0.3581,Low
synthetic,,,,28.51,4.47,4.48,46.77,0.5003,Moderate
synthetic_balance,synthetic-00018,1.0,1.0,5.18,2.35,5.04,3.82,0.2004,Low
synthetic,,,,27.92,8.38,0.96,20.18,0.4545,Moderate
synthetic_balance,synthetic-00127,1.0,1.0,12.5,4.68,5.23,16.84,0.3449,Low
synthetic,,,,39.72,5.85,1.96,89.73,0.6596,Moderate
synthetic_balance,synthetic-00154,1.0,1.0,38.18,5.25,6.17,92.18,0.6953,High
synthetic_balance,synthetic-00166,1.0,1.0,4.93,0.12,2.64,79.83,0.2808,Low
synthetic,,,,35.63,8.93,6.47,31.59,0.6598,Moderate
synthetic,,,,30.18,8.42,10.49,3.64,0.627,Moderate
synthetic_balance,synthetic-00285,1.0,2.0,39.96,6.32,11.07,77.85,0.8215,High
synthetic_balance,synthetic-00115,1.0,2.0,30.9,4.81,0.63,0.16,0.3562,Low
synthetic_balance,synthetic-00040,1.0,1.0,32.31,8.48,12.2,94.0,0.8778,High
synthetic_balance,synthetic-00231,1.0,1.0,23.96,6.94,7.97,93.95,0.7579,High
synthetic_balance,synthetic-00279,1.0,2.0,38.97,10.0,3.1,73.3,0.7407,High
synthetic,,,,11.25,6.59,8.86,76.86,0.6119,Moderate
synthetic_balance,synthetic-00087,1.0,1.0,5.22,4.54,3.33,64.57,0.3813,Low
synthetic_balance,synthetic-00199,1.0,1.0,21.93,0.33,4.42,21.54,0.2665,Low
synthetic,,,,23.98,8.75,2.76,31.03,0.5035,Moderate
synthetic,,,,36.65,4.81,4.28,53.54,0.5723,Moderate
synthetic_balance,synthetic-00278,1.0,1.0,30.33,4.09,10.35,68.34,0.6788,High
synthetic,,,,35.0,9.76,10.54,19.23,0.7303,High
synthetic_balance,synthetic-00049,1.0,2.0,26.38,7.45,7.2,99.0,0.7453,High
synthetic,,,,3.86,9.03,5.74,20.24,0.42,Moderate
synthetic_balance,synthetic-00259,1.0,1.0,39.19,8.96,3.36,83.26,0.7509,High
synthetic,,,,29.67,7.31,9.5,56.99,0.7087,High
synthetic_balance,synthetic-00193,1.0,1.0,8.55,5.73,2.54,68.65,0.3921,Low
synthetic_balance,synthetic-00092,1.0,1.0,19.37,7.18,11.11,78.2,0.7203,High
synthetic,,,,4.76,9.17,4.2,60.81,0.4984,Moderate
synthetic_balance,synthetic-00324,1.0,2.0,40.0,6.33,10.39,87.79,0.8585,High
synthetic_balance,synthetic-00147,1.0,2.0,3.79,2.0,8.35,1.73,0.2765,Low
synthetic,,,,19.65,8.93,2.15,87.91,0.6107,Moderate
synthetic,,,,11.68,4.9,7.24,49.33,0.4698,Moderate
synthetic,,,,14.35,4.09,5.46,63.31,0.4639,Moderate
synthetic,,,,12.72,5.05,10.56,85.11,0.6385,Moderate
synthetic,,,,20.95,1.02,10.08,5.2,0.3794,Low
synthetic_balance,synthetic-00101,1.0,2.0,19.79,2.59,5.62,42.15,0.3895,Low
synthetic,,,,24.76,1.63,9.39,85.55,0.6049,Moderate
synthetic_balance,synthetic-00006,1.0,1.0,29.89,9.21,7.77,57.26,0.7133,High
synthetic_balance,synthetic-00112,1.0,1.0,2.02,1.87,4.66,49.37,0.2839,Low
synthetic_balance,synthetic-00062,1.0,1.0,12.78,2.66,1.02,42.71,0.3075,Low
synthetic_balance,synthetic-00199,1.0,2.0,38.94,4.1,10.39,68.07,0.7257,High
synthetic,,,,1.74,1.81,3.22,24.94,0.1857,Low
synthetic_balance,synthetic-00075,1.0,1.0,2.4,1.59,2.19,100.0,0.3492,Low
synthetic,,,,0.17,5.71,11.93,3.86,0.4021,Moderate
synthetic,,,,32.48,5.06,8.97,45.97,0.6313,Moderate
synthetic,,,,33.29,8.05,4.96,28.83,0.5846,Moderate
synthetic_balance,synthetic-00140,1.0,1.0,28.71,8.25,6.52,97.17,0.7726,High
synthetic,,,,1.44,4.18,5.95,22.56,0.294,Low
synthetic,,,,7.99,2.92,11.68,70.82,0.5434,Moderate
synthetic_balance,synthetic-00263,1.0,1.0,19.32,7.96,10.14,100.0,0.7991,High
synthetic_balance,synthetic-00084,1.0,1.0,36.29,7.07,2.89,98.83,0.7283,High
synthetic_balance,synthetic-00143,1.0,1.0,1.62,4.26,11.36,3.99,0.3604,Low
synthetic,,,,36.34,7.0,3.56,96.92,0.7185,High
synthetic,,,,10.3,1.89,1.93,55.53,0.2907,Low
synthetic_balance,synthetic-00160,1.0,1.0,35.8,8.2,9.87,20.71,0.7295,High
synthetic,,,,36.38,5.87,10.28,34.06,0.6734,Moderate
synthetic_balance,synthetic-00232,1.0,2.0,12.32,0.75,4.74,26.77,0.2581,Low
synthetic_balance,synthetic-00306,1.0,2.0,30.86,7.91,7.2,80.79,0.7617,High
synthetic_balance,synthetic-00026,1.0,2.0,5.22,3.68,1.1,71.14,0.3191,Low
synthetic_balance,synthetic-00184,1.0,1.0,31.76,2.44,5.45,4.84,0.376,Low
synthetic_balance,synthetic-00138,1.0,1.0,21.64,9.29,12.0,87.72,0.8429,High
synthetic_balance,synthetic-00083,1.0,1.0,34.51,4.78,7.95,88.58,0.7447,High
synthetic_balance,synthetic-00219,1.0,1.0,29.18,0.98,6.21,22.73,0.3797,Low
synthetic,,,,1.39,6.52,9.97,16.8,0.4214,Moderate
synthetic,,,,31.39,9.68,10.14,14.21,0.6848,Moderate
synthetic,,,,14.13,7.87,10.07,82.12,0.7003,High
synthetic_balance,synthetic-00188,1.0,2.0,19.69,7.25,10.16,96.98,0.7915,High
synthetic_balance,synthetic-00340,1.0,2.0,20.11,9.33,11.43,87.61,0.8477,High
synthetic_balance,synthetic-00130,1.0,1.0,30.49,4.53,10.08,72.76,0.691,High
synthetic,,,,3.77,9.76,9.25,78.61,0.6567,Moderate
synthetic_balance,synthetic-00189,1.0,1.0,4.59,3.22,4.57,16.41,0.2229,Low
synthetic_balance,synthetic-00110,1.0,1.0,35.22,10.0,4.27,60.96,0.7345,High
synthetic_balance,synthetic-00183,1.0,1.0,6.02,9.69,2.18,25.39,0.3763,Low
synthetic,,,,10.24,9.36,2.39,4.49,0.3591,Low
synthetic_balance,synthetic-00202,1.0,3.0,18.13,4.69,3.46,7.12,0.392,Low
synthetic_balance,synthetic-00051,1.0,2.0,31.24,6.8,9.08,82.69,0.7362,High
synthetic_balance,synthetic-00302,1.0,1.0,36.99,4.88,5.37,97.23,0.7125,High
synthetic,,,,5.46,3.2,4.74,53.72,0.3471,Low
synthetic_balance,synthetic-00088,1.0,2.0,6.35,4.7,5.32,10.89,0.2701,Low
synthetic_balance,synthetic-00047,1.0,2.0,36.84,8.56,10.5,25.83,0.7078,High
synthetic,,,,33.94,6.53,9.75,53.27,0.7116,High
synthetic_balance,synthetic-00330,1.0,2.0,30.24,4.14,10.58,70.03,0.6969,High
synthetic,,,,38.35,0.4,8.62,30.18,0.5047,Moderate
synthetic_balance,synthetic-00071,1.0,2.0,5.19,10.0,10.21,91.98,0.7197,High
synthetic_balance,synthetic-00114,1.0,1.0,8.38,3.33,4.86,39.72,0.3381,Low
synthetic,,,,4.04,8.11,6.04,56.44,0.495,Moderate
synthetic,,,,17.56,0.22,10.0,89.62,0.5476,Moderate
synthetic_balance,synthetic-00076,1.0,2.0,37.67,7.56,9.29,65.89,0.7839,High
synthetic,,,,13.23,9.3,1.06,46.08,0.4525,Moderate
synthetic,,,,30.83,5.4,2.6,32.07,0.4622,Moderate
synthetic,,,,16.19,7.6,9.38,20.68,0.5384,Moderate
synthetic,,,,26.23,2.75,1.25,5.49,0.2724,Low
synthetic,,,,27.01,7.13,9.4,86.55,0.7593,High
synthetic,,,,34.26,3.72,2.27,60.08,0.5046,Moderate
synthetic_balance,synthetic-00122,1.0,1.0,5.02,1.08,9.49,10.24,0.27,Low
synthetic,,,,33.91,2.38,2.23,0.86,0.32,Low
synthetic_balance,synthetic-00192,1.0,2.0,3.04,0.38,2.81,75.78,0.2821,Low
synthetic_balance,synthetic-00056,1.0,1.0,36.11,6.73,9.14,58.45,0.7252,High
synthetic_balance,synthetic-00113,1.0,1.0,33.94,9.48,2.42,87.47,0.7286,High
synthetic_balance,synthetic-00129,1.0,2.0,7.97,3.78,4.0,31.97,0.3218,Low
synthetic_balance,synthetic-00172,1.0,2.0,17.98,9.67,10.85,79.31,0.7676,High
synthetic,,,,1.23,4.37,2.97,40.85,0.2808,Low
synthetic_balance,synthetic-00260,1.0,1.0,32.86,6.68,9.78,45.02,0.6976,High
synthetic,,,,31.14,1.95,5.87,4.38,0.3764,Low
synthetic_balance,synthetic-00057,1.0,1.0,15.18,3.72,5.3,16.33,0.3461,Low
synthetic,,,,31.66,4.61,1.43,1.58,0.3469,Low
synthetic,,,,5.52,7.91,3.61,88.48,0.5287,Moderate
synthetic,,,,4.91,8.31,2.26,17.93,0.3304,Low
synthetic,,,,4.74,8.51,7.83,12.19,0.4358,Moderate
synthetic,,,,25.24,8.82,7.84,52.21,0.6722,Moderate
synthetic,,,,22.9,1.45,11.38,30.13,0.4918,Moderate
synthetic_balance,synthetic-00072,1.0,1.0,29.4,7.71,7.07,84.56,0.7555,High
synthetic_balance,synthetic-00170,1.0,2.0,1.54,4.73,1.79,5.04,0.2026,Low
synthetic_balance,synthetic-00329,1.0,1.0,36.36,5.25,7.92,87.89,0.7319,High
synthetic,,,,24.26,7.1,8.71,99.28,0.7588,High
synthetic,,,,20.82,4.64,8.44,16.34,0.4626,Moderate
synthetic_balance,synthetic-00162,1.0,2.0,21.05,4.69,3.84,8.59,0.4004,Low
synthetic,,,,28.38,1.73,1.55,18.35,0.299,Low
synthetic,,,,3.56,0.24,1.15,85.36,0.2655,Low
synthetic,,,,26.87,9.61,4.77,42.51,0.6137,Moderate
synthetic,,,,11.87,0.61,4.74,25.45,0.2518,Low
synthetic_balance,synthetic-00178,1.0,1.0,35.38,5.98,9.18,53.29,0.7105,High
synthetic,,,,23.24,3.47,7.3,2.28,0.3897,Low
synthetic,,,,26.05,1.09,0.66,24.83,0.2658,Low
synthetic,,,,23.12,7.0,7.97,94.06,0.7206,High
synthetic_balance,synthetic-00194,1.0,1.0,5.65,9.84,0.58,22.92,0.346,Low
synthetic_balance,synthetic-00205,1.0,2.0,15.32,1.4,3.93,29.55,0.2983,Low
synthetic_balance,synthetic-00301,1.0,1.0,16.49,10.0,8.14,97.06,0.7521,High
synthetic_balance,synthetic-00198,1.0,2.0,29.53,9.01,11.18,47.85,0.7829,High
synthetic,,,,2.22,2.81,4.34,17.3,0.2178,Low
synthetic,,,,7.42,4.64,3.83,79.61,0.4411,Moderate
synthetic,,,,39.2,8.84,3.97,77.02,0.741,High
synthetic,,,,12.34,9.29,1.58,99.43,0.591,Moderate
synthetic,,,,30.21,4.34,5.9,15.07,0.4578,Moderate
synthetic,,,,15.14,3.85,4.4,32.79,0.3646,Low
synthetic,,,,35.82,4.34,9.32,80.64,0.7282,High
synthetic_balance,synthetic-00028,1.0,1.0,31.46,7.89,7.88,85.58,0.7779,High
synthetic_balance,synthetic-00203,1.0,1.0,4.51,0.0,3.28,77.27,0.2917,Low
synthetic,,,,34.13,2.99,7.29,39.69,0.5392,Moderate
synthetic_balance,synthetic-00228,1.0,1.0,32.58,4.51,10.67,67.65,0.682,High
synthetic_balance,synthetic-00141,1.0,1.0,34.62,4.2,9.56,84.39,0.7423,High
synthetic_balance,synthetic-00157,1.0,2.0,27.64,3.15,1.39,6.57,0.2797,Low
synthetic,,,,2.87,1.38,4.0,55.29,0.274,Low
synthetic,,,,8.96,2.87,3.38,26.29,0.2638,Low
synthetic,,,,4.29,4.98,6.47,50.82,0.4132,Moderate
synthetic,,,,30.96,4.39,10.37,69.74,0.6937,High
synthetic_balance,synthetic-00134,1.0,1.0,16.03,10.0,8.53,97.01,0.77,High
synthetic,,,,4.79,3.65,11.52,99.55,0.6101,Moderate
synthetic,,,,30.4,1.28,9.48,93.85,0.6542,Moderate
synthetic,,,,9.3,3.68,4.71,32.75,0.3301,Low
synthetic_balance,synthetic-00033,1.0,1.0,4.68,8.79,4.3,13.69,0.3627,Low
synthetic,,,,16.7,1.18,9.64,83.77,0.5443,Moderate
synthetic_balance,synthetic-00001,1.0,2.0,26.63,6.97,7.72,98.33,0.7363,High
synthetic_balance,synthetic-00290,1.0,1.0,14.91,9.31,9.1,98.64,0.7692,High
synthetic,,,,12.69,9.53,3.85,51.51,0.5264,Moderate
synthetic,,,,7.54,7.95,11.55,72.18,0.667,Moderate
synthetic,,,,26.11,9.92,11.99,51.65,0.7902,High
synthetic_balance,synthetic-00171,1.0,2.0,31.44,4.18,10.77,73.84,0.7026,High
synthetic_balance,synthetic-00319,1.0,1.0,39.44,9.82,3.26,72.08,0.7444,High
synthetic_balance,synthetic-00060,1.0,1.0,27.58,3.02,1.82,9.05,0.3397,Low
synthetic,,,,9.65,3.22,2.29,87.43,0.4072,Moderate
synthetic,,,,17.2,4.33,3.41,77.58,0.4806,Moderate
synthetic,,,,1.89,7.62,11.85,4.49,0.4605,Moderate
synthetic_balance,synthetic-00165,1.0,2.0,6.27,2.53,11.38,11.14,0.3792,Low
synthetic,,,,16.36,0.87,3.06,44.1,0.2979,Low
synthetic,,,,39.17,3.77,8.77,88.76,0.7437,High
synthetic_balance,synthetic-00043,1.0,2.0,37.93,4.96,10.23,97.37,0.8503,High
synthetic,,,,1.56,4.95,1.93,23.85,0.2331,Low
synthetic_balance,synthetic-00292,1.0,1.0,35.98,4.0,9.07,79.21,0.7225,High
synthetic_balance,synthetic-00181,1.0,1.0,39.14,7.91,9.46,45.88,0.7562,High
synthetic,,,,20.33,4.9,4.33,43.13,0.4475,Moderate
synthetic_balance,synthetic-00235,1.0,1.0,32.44,6.78,8.55,74.19,0.7469,High
synthetic_balance,synthetic-00095,1.0,1.0,16.66,2.98,1.2,50.67,0.3211,Low
synthetic_balance,synthetic-00216,1.0,1.0,10.6,2.18,0.92,100.0,0.368,Low
synthetic,,,,14.21,4.52,5.29,19.0,0.3595,Low
synthetic_balance,synthetic-00063,1.0,1.0,3.53,2.45,0.22,51.95,0.2073,Low
synthetic,,,,30.56,7.99,6.16,59.96,0.669,Moderate
synthetic,,,,10.1,2.95,9.3,87.67,0.5496,Moderate
synthetic,,,,4.31,9.16,3.15,3.74,0.3309,Low
synthetic_balance,synthetic-00133,1.0,1.0,36.93,1.03,1.78,6.16,0.3196,Low
synthetic_balance,synthetic-00133,1.0,1.0,38.24,3.6,8.95,89.7,0.7538,High
synthetic,,,,4.43,9.56,2.28,19.77,0.3635,Low
synthetic_balance,synthetic-00183,1.0,1.0,31.46,8.01,7.85,87.71,0.7596,High
synthetic_balance,synthetic-00208,1.0,1.0,8.71,9.37,11.02,80.0,0.7409,High
synthetic_balance,synthetic-00016,1.0,2.0,36.12,6.78,9.86,96.28,0.8424,High
synthetic_balance,synthetic-00233,1.0,1.0,7.19,3.09,4.62,49.43,0.3528,Low
synthetic,,,,20.81,8.0,4.12,83.74,0.6251,Moderate
synthetic,,,,36.07,9.85,11.8,95.3,0.9556,High
synthetic,,,,22.66,5.51,10.03,71.05,0.6659,Moderate
synthetic,,,,17.54,4.76,11.94,67.46,0.646,Moderate
synthetic_balance,synthetic-00231,1.0,1.0,14.29,4.25,4.03,35.42,0.371,Low
synthetic,,,,16.67,3.22,9.11,80.14,0.5747,Moderate
synthetic,,,,26.4,7.25,7.39,95.31,0.7385,High
synthetic_balance,synthetic-00154,1.0,1.0,2.14,3.09,4.05,18.86,0.2326,Low
synthetic_balance,synthetic-00121,1.0,1.0,11.27,1.43,3.98,69.13,0.3648,Low
synthetic_balance,synthetic-00234,1.0,1.0,32.86,2.55,1.81,5.87,0.3349,Low
synthetic,,,,24.88,8.58,0.55,51.46,0.5102,Moderate
synthetic,,,,31.19,4.46,11.2,61.22,0.6929,High
synthetic_balance,synthetic-00047,1.0,1.0,1.55,4.25,3.27,34.38,0.2814,Low
synthetic_balance,synthetic-00144,1.0,1.0,31.5,7.64,9.44,47.97,0.6978,High
synthetic_balance,synthetic-00294,1.0,1.0,30.52,4.99,10.61,63.49,0.6861,High
synthetic_balance,synthetic-00158,1.0,2.0,21.63,5.06,10.68,95.99,0.742,High
synthetic_balance,synthetic-00038,1.0,1.0,6.69,3.63,4.72,14.19,0.2723,Low
synthetic_balance,synthetic-00204,1.0,1.0,39.02,0.9,10.33,91.63,0.6809,High
synthetic,,,,35.53,9.3,1.65,10.74,0.5157,Moderate
synthetic_balance,synthetic-00223,1.0,1.0,33.56,4.58,11.28,59.7,0.7272,High
synthetic,,,,36.84,1.66,3.77,15.36,0.3887,Low
synthetic,,,,35.52,8.12,4.52,57.86,0.6638,Moderate
synthetic_balance,synthetic-00138,1.0,1.0,28.92,1.17,0.3,28.85,0.265,Low
synthetic,,,,7.66,0.25,11.17,44.82,0.3988,Moderate
synthetic,,,,13.34,3.31,1.96,18.87,0.2541,Low
synthetic,,,,1.3,0.67,5.14,8.03,0.152,Low
synthetic_balance,synthetic-00027,1.0,1.0,16.88,0.97,2.99,48.57,0.3089,Low
synthetic_balance,synthetic-00109,1.0,1.0,6.97,0.56,2.83,10.66,0.1411,Low
synthetic_balance,synthetic-00075,1.0,1.0,29.85,8.96,7.69,64.72,0.7134,High
synthetic_balance,synthetic-00142,1.0,2.0,28.08,2.02,5.17,0.0,0.3799,Low
synthetic,,,,28.84,0.59,7.38,81.59,0.5526,Moderate
synthetic_balance,synthetic-00297,1.0,1.0,27.74,7.16,6.54,90.4,0.7499,High
synthetic,,,,25.29,3.93,11.1,31.92,0.5674,Moderate
synthetic,,,,31.97,6.01,2.99,41.4,0.5157,Moderate
synthetic,,,,24.42,3.08,3.94,3.95,0.3215,Low
synthetic_balance,synthetic-00244,1.0,1.0,31.72,9.02,11.15,84.68,0.873,High
synthetic,,,,39.39,3.62,9.85,31.84,0.6214,Moderate
synthetic,,,,5.49,6.54,5.66,39.29,0.4138,Moderate
synthetic,,,,0.74,4.39,7.91,61.04,0.4317,Moderate
synthetic,,,,0.71,9.25,11.45,1.21,0.4772,Moderate
synthetic_balance,synthetic-00242,1.0,1.0,29.28,8.39,6.62,100.0,0.7781,High
synthetic,,,,10.96,0.33,3.71,19.29,0.2023,Low
synthetic_balance,synthetic-00019,1.0,1.0,5.78,8.69,4.54,17.85,0.3776,Low
synthetic,,,,9.7,4.8,8.36,22.83,0.4118,Moderate
synthetic,,,,2.1,9.46,5.01,92.39,0.5849,Moderate
synthetic,,,,14.47,0.88,1.86,96.19,0.3915,Moderate
synthetic,,,,10.54,9.3,1.82,56.39,0.4772,Moderate
synthetic_balance,synthetic-00100,1.0,2.0,36.63,5.15,6.24,95.07,0.724,High
synthetic_balance,synthetic-00034,1.0,1.0,29.06,8.83,7.48,61.23,0.7038,High
synthetic,,,,17.26,6.26,4.65,51.27,0.4894,Moderate
synthetic_balance,synthetic-00217,1.0,2.0,34.82,8.27,10.32,21.36,0.7073,High
synthetic,,,,32.59,9.03,9.56,18.52,0.6747,Moderate
synthetic,,,,22.16,0.21,4.14,17.7,0.2742,Low
synthetic,,,,8.17,0.94,10.71,76.42,0.4887,Moderate
synthetic,,,,7.68,1.75,9.84,26.47,0.363,Low
synthetic_balance,synthetic-00117,1.0,2.0,3.59,0.16,1.03,84.28,0.2601,Low
synthetic_balance,synthetic-00160,1.0,1.0,14.51,6.35,2.13,31.8,0.355,Low
synthetic_balance,synthetic-00067,1.0,1.0,32.19,9.44,3.04,92.31,0.733,High
synthetic_balance,synthetic-00164,1.0,1.0,22.66,9.53,10.48,90.59,0.8244,High
synthetic,,,,15.67,2.0,8.32,18.13,0.3667,Low
synthetic,,,,8.99,8.47,5.09,3.51,0.3827,Low
synthetic,,,,26.61,6.85,3.53,41.86,0.5158,Moderate
synthetic,,,,15.53,3.45,6.64,77.19,0.5147,Moderate
synthetic,,,,18.74,2.59,1.02,48.15,0.3236,Low
synthetic_balance,synthetic-00034,1.0,2.0,4.72,0.59,6.76,4.74,0.2157,Low
synthetic,,,,20.51,4.33,0.91,95.98,0.4954,Moderate
synthetic_balance,synthetic-00068,1.0,1.0,30.29,3.58,11.53,83.85,0.7576,High
synthetic_balance,synthetic-00058,1.0,2.0,27.22,1.24,1.59,10.71,0.2655,Low
synthetic,,,,21.22,5.94,0.75,51.51,0.4254,Moderate
synthetic_balance,synthetic-00271,1.0,1.0,28.73,3.25,11.11,86.57,0.7518,High
synthetic,,,,36.87,4.94,5.89,96.22,0.717,High
synthetic,,,,39.24,0.42,5.62,54.7,0.5096,Moderate
synthetic,,,,15.85,6.78,8.85,56.69,0.5945,Moderate
synthetic,,,,14.46,3.92,1.53,7.74,0.2396,Low
synthetic_balance,synthetic-00091,1.0,1.0,36.99,7.57,9.32,75.31,0.8081,High
synthetic_balance,synthetic-00019,1.0,1.0,29.71,6.99,8.65,75.32,0.744,High
synthetic,,,,18.7,7.85,0.71,10.91,0.355,Low
synthetic,,,,22.51,0.27,9.05,85.21,0.5489,Moderate
synthetic_balance,synthetic-00167,1.0,1.0,20.06,5.02,10.64,100.0,0.7531,High
synthetic,,,,39.63,9.29,6.3,53.18,0.744,High
synthetic_balance,synthetic-00220,1.0,2.0,26.94,9.68,11.43,52.76,0.7726,High
synthetic_balance,synthetic-00198,1.0,1.0,9.44,0.18,1.63,2.71,0.1376,Low
synthetic_balance,synthetic-00261,1.0,2.0,29.5,3.61,11.62,89.66,0.7546,High
synthetic,,,,2.02,5.95,3.89,66.36,0.4082,Moderate
synthetic,,,,13.23,8.79,4.79,56.51,0.5434,Moderate
synthetic_balance,synthetic-00239,1.0,1.0,35.57,7.47,12.14,57.38,0.7842,High
synthetic_balance,synthetic-00343,1.0,1.0,38.02,5.68,10.0,100.0,0.8433,High
synthetic,,,,20.22,6.37,5.2,74.92,0.5811,Moderate
synthetic,,,,18.56,9.43,8.94,21.52,0.5917,Moderate
synthetic_balance,synthetic-00207,1.0,1.0,32.39,2.23,1.77,29.44,0.3615,Low
synthetic,,,,31.3,7.95,11.38,25.34,0.6948,High
synthetic,,,,22.19,3.71,10.04,80.83,0.6427,Moderate
synthetic_balance,synthetic-00025,1.0,1.0,3.8,8.75,3.08,4.94,0.345,Low
synthetic_balance,synthetic-00224,1.0,1.0,11.26,9.3,11.15,85.71,0.7252,High
synthetic,,,,30.34,9.83,5.32,51.46,0.675,Moderate
synthetic_balance,synthetic-00105,1.0,1.0,0.95,3.91,11.12,1.23,0.3339,Low
synthetic,,,,24.24,8.68,7.44,41.26,0.6265,Moderate
synthetic_balance,synthetic-00288,1.0,1.0,33.44,7.18,3.77,91.53,0.7107,High
synthetic,,,,29.32,3.69,2.51,21.96,0.3827,Low
synthetic_balance,synthetic-00243,1.0,2.0,39.71,9.46,10.49,81.03,0.9121,High
synthetic,,,,29.3,4.4,6.86,65.41,0.5996,Moderate
synthetic,,,,28.12,6.34,11.79,62.04,0.7349,High
synthetic_balance,synthetic-00041,1.0,1.0,11.03,9.14,10.82,83.96,0.7304,High
synthetic,,,,26.99,6.83,1.35,44.68,0.4792,Moderate
synthetic,,,,2.11,0.01,5.52,77.46,0.3219,Low
synthetic_balance,synthetic-00214,1.0,1.0,18.12,3.75,3.25,25.98,0.3326,Low
synthetic_balance,synthetic-00164,1.0,2.0,29.66,0.95,1.55,16.9,0.259,Low
synthetic_balance,synthetic-00287,1.0,1.0,32.97,4.57,11.23,62.56,0.7137,High
synthetic,,,,39.2,4.59,9.52,63.64,0.717,High
synthetic,,,,27.09,0.3,5.12,89.56,0.5072,Moderate
synthetic,,,,8.75,5.16,11.27,97.72,0.6626,Moderate
synthetic_balance,synthetic-00217,1.0,1.0,13.3,3.43,10.62,2.02,0.3758,Low
synthetic,,,,9.83,2.31,0.81,95.85,0.3757,Low
synthetic_balance,synthetic-00042,1.0,1.0,30.86,8.28,7.04,79.04,0.7707,High
synthetic_balance,synthetic-00252,1.0,1.0,37.11,3.92,8.94,80.08,0.7357,High
synthetic_balance,synthetic-00090,1.0,1.0,27.97,10.0,10.86,95.59,0.9005,High
synthetic,,,,21.06,1.7,9.91,58.42,0.5266,Moderate
synthetic,,,,25.93,7.82,5.42,63.79,0.63,Moderate
synthetic,,,,19.1,7.61,10.89,72.07,0.7167,High
synthetic,,,,11.18,8.55,4.98,53.07,0.5202,Moderate
synthetic,,,,13.7,7.94,7.66,75.08,0.6315,Moderate
synthetic,,,,34.14,2.34,1.17,28.14,0.3666,Low
synthetic,,,,10.3,7.52,6.3,75.03,0.5712,Moderate
synthetic_balance,synthetic-00262,1.0,2.0,32.3,6.5,9.18,78.56,0.7392,High
synthetic,,,,34.96,2.54,7.52,55.35,0.577,Moderate
synthetic,,,,12.93,5.88,8.76,44.27,0.5208,Moderate
synthetic,,,,0.5,7.96,6.48,40.8,0.4392,Moderate
real,7ba95685-5b8a-44d2-8459-31acb956a44b,1.0,4.0,22.0,3.75,1.5,55.0,0.4,Moderate
synthetic_balance,synthetic-00096,1.0,1.0,28.83,8.26,11.54,25.01,0.6844,High
synthetic_balance,synthetic-00210,1.0,2.0,31.7,8.55,12.39,87.65,0.8836,High
synthetic_balance,synthetic-00192,1.0,1.0,37.02,6.82,3.4,95.36,0.7325,High
synthetic_balance,synthetic-00064,1.0,2.0,5.33,9.44,3.03,3.86,0.3418,Low
synthetic_balance,synthetic-00201,1.0,1.0,34.94,6.95,10.54,98.4,0.8578,High
synthetic,,,,4.71,2.38,6.28,50.53,0.3463,Low
synthetic_balance,synthetic-00097,1.0,1.0,28.75,1.07,5.35,13.48,0.3992,Low
synthetic_balance,synthetic-00307,1.0,1.0,35.7,4.36,9.54,79.02,0.7347,High
synthetic_balance,synthetic-00229,1.0,2.0,24.94,7.19,9.24,94.77,0.7516,High
synthetic,,,,29.99,2.58,10.47,74.61,0.6564,Moderate
synthetic,,,,32.66,1.05,1.27,59.44,0.4054,Moderate
synthetic,,,,24.41,6.24,2.05,69.35,0.5246,Moderate
synthetic_balance,synthetic-00032,1.0,1.0,4.72,3.26,4.9,54.48,0.3611,Low
synthetic,,,,5.85,8.25,4.07,14.39,0.3634,Low
synthetic_balance,synthetic-00191,1.0,2.0,34.14,9.67,9.55,24.21,0.7358,High
synthetic_balance,synthetic-00209,1.0,1.0,2.21,2.43,1.02,40.45,0.196,Low
synthetic_balance,synthetic-00021,1.0,1.0,32.8,9.35,2.68,86.8,0.7153,High
synthetic,,,,21.46,9.65,11.58,85.56,0.8307,High
synthetic_balance,synthetic-00125,1.0,1.0,31.66,4.04,10.36,66.73,0.6879,High
synthetic,,,,37.2,4.98,7.89,86.72,0.7382,High
synthetic,,,,26.54,1.12,10.07,17.64,0.4478,Moderate
synthetic,,,,28.46,1.5,1.04,13.82,0.2718,Low
synthetic_balance,synthetic-00153,1.0,1.0,30.21,7.86,6.72,100.0,0.7766,High
synthetic_balance,synthetic-00332,1.0,1.0,10.57,9.6,11.39,84.16,0.726,High
synthetic_balance,synthetic-00096,1.0,1.0,14.45,2.27,6.94,31.92,0.3806,Low
synthetic,,,,10.51,9.86,2.9,19.81,0.4222,Moderate
synthetic,,,,34.43,2.47,8.18,12.94,0.4796,Moderate
synthetic,,,,30.0,3.46,1.92,4.09,0.3244,Low
synthetic_balance,synthetic-00023,1.0,1.0,40.0,3.26,8.48,91.07,0.7495,High
synthetic,,,,21.46,4.35,2.02,12.57,0.3162,Low
synthetic,,,,25.07,7.47,10.79,27.26,0.6364,Moderate
synthetic,,,,22.75,2.9,6.87,62.19,0.5133,Moderate
synthetic,,,,18.96,9.87,1.58,41.24,0.5011,Moderate
synthetic_balance,synthetic-00169,1.0,1.0,0.01,0.61,11.04,1.29,0.2394,Low
synthetic,,,,26.07,8.71,7.79,42.9,0.6504,Moderate
synthetic,,,,31.16,1.35,6.66,51.42,0.4958,Moderate
synthetic,,,,18.6,4.0,6.62,18.72,0.401,Moderate
synthetic_balance,synthetic-00179,1.0,1.0,31.08,8.63,11.25,53.82,0.7575,High
synthetic,,,,1.55,6.54,4.4,65.55,0.4286,Moderate
synthetic_balance,synthetic-00113,1.0,1.0,29.58,4.93,2.48,0.0,0.3569,Low
synthetic,,,,15.9,5.85,1.97,32.11,0.3669,Low
synthetic_balance,synthetic-00013,1.0,1.0,14.49,10.0,8.74,97.13,0.7573,High
synthetic,,,,12.71,0.78,0.84,34.65,0.2031,Low
synthetic_balance,synthetic-00139,1.0,1.0,20.42,9.66,11.21,80.68,0.8272,High
synthetic_balance,synthetic-00086,1.0,1.0,38.39,1.1,3.71,3.4,0.3738,Low
synthetic_balance,synthetic-00222,1.0,1.0,15.39,4.38,4.81,35.65,0.3814,Low
synthetic,,,,13.79,4.21,1.65,78.28,0.4217,Moderate
synthetic,,,,35.22,5.36,7.65,27.32,0.5818,Moderate
synthetic_balance,synthetic-00239,1.0,2.0,36.08,0.92,4.12,15.54,0.3889,Low
synthetic_balance,synthetic-00168,1.0,1.0,3.7,3.4,5.59,3.01,0.2074,Low
synthetic,,,,18.94,2.67,4.31,52.07,0.4051,Moderate
synthetic_balance,synthetic-00025,1.0,1.0,25.72,10.0,12.08,57.16,0.7903,High
synthetic,,,,5.0,5.05,9.07,63.0,0.5038,Moderate
synthetic,,,,24.59,4.17,7.08,15.36,0.4438,Moderate
synthetic_balance,synthetic-00174,1.0,1.0,0.0,1.13,3.61,26.51,0.1943,Low
synthetic,,,,4.18,9.04,10.45,79.81,0.6695,Moderate
synthetic_balance,synthetic-00190,1.0,1.0,29.04,8.32,7.41,60.77,0.7243,High
synthetic,,,,3.67,6.67,8.04,66.29,0.523,Moderate
synthetic_balance,synthetic-00135,1.0,2.0,40.0,10.0,10.35,77.31,0.9133,High
synthetic_balance,synthetic-00258,1.0,2.0,25.09,6.8,7.67,91.85,0.7344,High
synthetic_balance,synthetic-00005,1.0,2.0,3.98,8.42,3.99,20.64,0.3728,Low
synthetic,,,,19.82,0.55,4.51,86.51,0.4478,Moderate
synthetic_balance,synthetic-00211,1.0,2.0,26.56,1.63,0.58,12.77,0.2543,Low
synthetic,,,,29.69,5.91,8.01,29.94,0.5751,Moderate
synthetic_balance,synthetic-00013,1.0,1.0,19.55,2.61,4.63,39.92,0.3933,Low
synthetic_balance,synthetic-00094,1.0,1.0,38.37,8.18,10.15,24.29,0.707,High
synthetic,,,,22.18,0.64,10.02,63.17,0.5212,Moderate
real,839d2c1d-1875-4f44-94ed-880ac62a4374,1.0,4.0,28.0,8.13,1.5,55.0,0.547,Moderate
synthetic_balance,synthetic-00103,1.0,2.0,6.26,5.13,3.12,67.76,0.3836,Low
synthetic_balance,synthetic-00009,1.0,1.0,38.52,8.88,6.5,51.05,0.7464,High
synthetic,,,,22.45,3.85,3.61,52.19,0.4424,Moderate
synthetic_balance,synthetic-00177,1.0,1.0,7.91,1.55,9.52,24.0,0.3561,Low
synthetic_balance,synthetic-00151,1.0,1.0,38.03,8.69,3.81,80.68,0.7466,High
synthetic_balance,synthetic-00181,1.0,1.0,15.98,1.93,8.24,18.12,0.3449,Low
synthetic,,,,2.48,4.58,1.98,15.23,0.2095,Low
synthetic,,,,17.85,3.81,3.97,63.03,0.447,Moderate
synthetic,,,,17.4,9.92,10.75,74.86,0.7681,High
synthetic,,,,36.7,8.51,10.26,22.77,0.7127,High
synthetic,,,,17.76,9.36,10.32,32.22,0.6405,Moderate
synthetic_balance,synthetic-00093,1.0,1.0,26.14,0.15,0.66,6.14,0.1774,Low
synthetic_balance,synthetic-00121,1.0,1.0,40.0,5.66,10.27,88.39,0.8476,High
synthetic_balance,synthetic-00065,1.0,1.0,34.36,6.19,9.92,52.62,0.7022,High
synthetic,,,,7.12,6.13,0.66,92.77,0.4435,Moderate
synthetic_balance,synthetic-00136,1.0,1.0,27.93,6.3,11.52,68.59,0.7113,High
synthetic,,,,22.01,7.05,1.3,48.11,0.4613,Moderate
synthetic,,,,30.87,3.78,10.1,21.31,0.5513,Moderate
synthetic,,,,22.12,9.36,9.47,47.94,0.6895,Moderate
synthetic_balance,synthetic-00016,1.0,1.0,14.99,4.06,0.89,9.1,0.2407,Low
synthetic_balance,synthetic-00079,1.0,2.0,24.81,7.01,8.23,93.53,0.7134,High
real,0638b08d-09c1-4fad-a3e7-d35a8f0e9474,1.0,1.0,22.0,6.25,3.5,6.48,0.4142,Moderate
synthetic_balance,synthetic-00229,1.0,1.0,5.44,7.94,4.28,16.72,0.3623,Low
synthetic_balance,synthetic-00233,1.0,1.0,39.7,4.45,9.81,67.54,0.7064,High
synthetic,,,,27.3,1.4,2.8,0.74,0.2657,Low
synthetic_balance,synthetic-00146,1.0,1.0,37.93,5.25,10.82,95.14,0.8558,High
synthetic_balance,synthetic-00111,1.0,2.0,21.66,8.05,10.92,72.68,0.7125,High
synthetic,,,,10.83,7.1,11.77,61.15,0.6433,Moderate
synthetic_balance,synthetic-00143,1.0,1.0,30.24,8.24,12.31,81.48,0.8774,High
synthetic_balance,synthetic-00321,1.0,1.0,35.86,9.57,10.17,20.92,0.7332,High
synthetic,,,,2.14,5.91,8.33,39.36,0.433,Moderate
synthetic_balance,synthetic-00002,1.0,1.0,37.97,8.31,9.36,74.43,0.8235,High
synthetic_balance,synthetic-00266,1.0,1.0,18.06,9.18,6.03,100.0,0.712,High
synthetic,,,,28.67,4.67,4.65,85.26,0.6059,Moderate
synthetic,,,,34.88,6.02,2.04,69.39,0.5845,Moderate
synthetic_balance,synthetic-00015,1.0,1.0,16.77,5.58,3.69,7.36,0.384,Low
synthetic_balance,synthetic-00159,1.0,2.0,22.16,9.47,11.73,79.93,0.8323,High
synthetic,,,,18.1,8.43,4.22,47.98,0.5318,Moderate
synthetic_balance,synthetic-00275,1.0,1.0,19.61,6.02,10.26,93.63,0.7519,High
synthetic_balance,synthetic-00150,1.0,1.0,39.16,8.33,9.18,61.53,0.8133,High
synthetic,,,,33.07,9.28,7.37,66.89,0.7594,High
synthetic,,,,28.19,4.83,5.75,38.63,0.5133,Moderate
real,7ba95685-5b8a-44d2-8459-31acb956a44b,1.0,2.0,20.0,5.0,3.5,50.0,0.4479,Moderate
synthetic_balance,synthetic-00236,1.0,2.0,23.17,0.71,1.29,0.0,0.1941,Low
synthetic_balance,synthetic-00015,1.0,2.0,31.39,8.51,3.61,91.56,0.7287,High
synthetic_balance,synthetic-00089,1.0,2.0,9.94,3.1,4.89,28.09,0.3275,Low
synthetic,,,,37.95,7.57,5.92,48.6,0.6713,Moderate
real,0638b08d-09c1-4fad-a3e7-d35a8f0e9474,1.0,2.0,18.0,5.0,1.5,6.25,0.3234,Low
synthetic_balance,synthetic-00090,1.0,2.0,6.41,3.75,4.05,52.31,0.3642,Low
synthetic,,,,30.88,3.11,8.41,70.54,0.6223,Moderate
synthetic_balance,synthetic-00123,1.0,2.0,27.2,9.17,10.76,54.2,0.7518,High
synthetic,,,,35.18,2.7,10.78,42.6,0.6185,Moderate
synthetic_balance,synthetic-00000,1.0,1.0,1.68,3.45,11.74,6.47,0.3659,Low
synthetic_balance,synthetic-00174,1.0,2.0,34.01,4.49,11.59,64.95,0.7187,High
synthetic,,,,10.35,5.05,10.38,44.83,0.5193,Moderate
synthetic,,,,29.59,0.75,8.89,84.9,0.6012,Moderate
synthetic_balance,synthetic-00124,1.0,1.0,35.69,9.6,4.17,67.98,0.7242,High
synthetic_balance,synthetic-00202,1.0,1.0,40.0,4.83,9.54,60.76,0.7229,High
synthetic,,,,7.5,5.94,10.6,37.45,0.5099,Moderate
synthetic_balance,synthetic-00099,1.0,1.0,4.64,4.76,5.25,47.38,0.4025,Low
synthetic_balance,synthetic-00304,1.0,1.0,29.5,7.77,7.04,100.0,0.7882,High
synthetic,,,,39.12,4.12,9.63,8.48,0.5691,Moderate
synthetic_balance,synthetic-00118,1.0,1.0,31.88,8.07,7.53,86.24,0.7771,High
synthetic,,,,26.31,4.19,9.4,67.12,0.6329,Moderate
synthetic_balance,synthetic-00070,1.0,1.0,8.4,9.05,11.2,86.4,0.7367,High
synthetic_balance,synthetic-00286,1.0,1.0,34.79,10.0,10.47,21.19,0.7367,High
synthetic_balance,synthetic-00247,1.0,1.0,39.89,2.09,1.12,1.44,0.3308,Low
synthetic,,,,7.01,8.23,5.08,99.04,0.6031,Moderate
synthetic_balance,synthetic-00200,1.0,1.0,40.0,7.42,9.39,74.48,0.8122,High
synthetic_balance,synthetic-00234,1.0,1.0,37.71,5.94,10.38,85.07,0.8569,High
synthetic_balance,synthetic-00119,1.0,1.0,4.43,1.93,3.24,28.12,0.2176,Low
synthetic_balance,synthetic-00212,1.0,2.0,25.64,7.25,8.71,98.46,0.7558,High
synthetic_balance,synthetic-00052,1.0,1.0,11.02,5.19,4.7,16.45,0.3887,Low
synthetic_balance,synthetic-00206,1.0,1.0,40.0,10.0,11.07,77.72,0.9158,High
synthetic_balance,synthetic-00327,1.0,1.0,30.3,7.51,10.23,46.34,0.6999,High
synthetic_balance,synthetic-00017,1.0,2.0,36.35,5.19,8.04,87.71,0.7256,High
synthetic_balance,synthetic-00215,1.0,1.0,27.67,2.98,1.17,11.73,0.2871,Low
synthetic_balance,synthetic-00010,1.0,2.0,30.58,3.69,2.62,21.25,0.3775,Low
synthetic,,,,6.51,6.85,4.4,95.49,0.5423,Moderate
synthetic_balance,synthetic-00176,1.0,2.0,11.21,4.33,4.92,13.63,0.3216,Low
synthetic_balance,synthetic-00064,1.0,1.0,37.88,9.31,6.32,47.99,0.7704,High
synthetic_balance,synthetic-00122,1.0,1.0,38.83,7.62,9.86,73.34,0.817,High
synthetic_balance,synthetic-00248,1.0,2.0,33.78,4.39,9.89,84.24,0.7327,High
synthetic_balance,synthetic-00157,1.0,1.0,40.0,3.75,8.11,86.93,0.7483,High
synthetic,,,,4.64,8.85,6.13,14.16,0.4133,Moderate
synthetic,,,,21.83,5.43,10.84,97.18,0.741,High
synthetic,,,,12.24,5.79,2.53,85.66,0.4882,Moderate
synthetic_balance,synthetic-00194,1.0,1.0,19.56,5.23,10.66,100.0,0.7616,High
synthetic,,,,9.4,3.25,10.95,52.95,0.5007,Moderate
synthetic,,,,19.56,5.01,11.87,15.01,0.5323,Moderate
synthetic_balance,synthetic-00342,1.0,1.0,30.63,8.05,7.13,84.91,0.7874,High
synthetic,,,,11.19,0.32,7.57,37.37,0.329,Low
synthetic_balance,synthetic-00118,1.0,2.0,25.9,0.21,7.51,20.78,0.3789,Low
synthetic,,,,36.41,2.03,6.73,70.14,0.5938,Moderate
synthetic,,,,4.87,5.06,8.48,58.11,0.4791,Moderate
synthetic,,,,6.69,6.27,4.25,64.16,0.4475,Moderate
synthetic_balance,synthetic-00066,1.0,2.0,39.77,8.31,9.21,52.29,0.7462,High
synthetic_balance,synthetic-00011,1.0,2.0,10.11,8.2,5.73,0.0,0.388,Low
synthetic_balance,synthetic-00103,1.0,1.0,24.65,7.27,7.66,98.41,0.7294,High
synthetic_balance,synthetic-00268,1.0,1.0,33.82,4.57,9.29,81.18,0.7319,High
synthetic,,,,39.06,1.86,3.97,3.11,0.3811,Low
synthetic,,,,19.09,4.94,5.18,56.82,0.4929,Moderate
synthetic_balance,synthetic-00036,1.0,1.0,12.95,5.1,5.26,23.99,0.3802,Low
synthetic_balance,synthetic-00213,1.0,2.0,8.25,4.44,5.28,20.7,0.3083,Low
synthetic,,,,17.49,8.33,8.55,31.24,0.5737,Moderate
real,0638b08d-09c1-4fad-a3e7-d35a8f0e9474,1.0,3.0,17.0,3.75,1.5,80.0,0.4313,Moderate
synthetic,,,,22.18,2.08,3.41,3.01,0.2691,Low
synthetic,,,,6.11,6.88,1.04,28.66,0.3035,Low
synthetic_balance,synthetic-00272,1.0,1.0,10.29,9.22,10.93,83.82,0.7336,High
synthetic_balance,synthetic-00237,1.0,1.0,40.0,5.53,11.77,80.25,0.8268,High
synthetic_balance,synthetic-00196,1.0,1.0,30.32,7.41,9.87,39.06,0.6937,High
synthetic,,,,31.15,7.17,5.67,27.22,0.56,Moderate
synthetic_balance,synthetic-00322,1.0,1.0,36.0,1.13,10.24,88.86,0.6958,High
synthetic,,,,0.93,4.0,10.56,61.02,0.4785,Moderate
synthetic_balance,synthetic-00170,1.0,1.0,30.55,6.29,8.61,77.6,0.7372,High
synthetic_balance,synthetic-00155,1.0,2.0,6.46,2.65,4.72,8.3,0.2235,Low
synthetic,,,,5.72,7.77,2.78,91.06,0.5155,Moderate
synthetic_balance,synthetic-00328,1.0,2.0,18.31,7.85,10.84,75.3,0.7203,High
synthetic,,,,3.76,9.5,9.11,87.63,0.6698,Moderate
synthetic,,,,19.22,4.56,3.26,64.48,0.4634,Moderate
synthetic,,,,5.53,7.74,1.83,39.01,0.3638,Low
synthetic_balance,synthetic-00267,1.0,1.0,27.44,6.37,11.81,56.78,0.7371,High
synthetic,,,,20.29,9.92,0.55,1.66,0.3903,Moderate
synthetic,,,,31.09,5.18,6.14,52.97,0.5841,Moderate
synthetic,,,,28.94,8.69,7.73,61.24,0.7124,High
synthetic_balance,synthetic-00218,1.0,1.0,21.94,0.0,4.46,18.93,0.2672,Low
synthetic_balance,synthetic-00253,1.0,1.0,11.61,3.74,6.46,23.08,0.3524,Low
synthetic,,,,8.98,0.46,4.55,71.14,0.3402,Low
synthetic_balance,synthetic-00077,1.0,1.0,4.92,9.32,11.6,92.93,0.7242,High
synthetic_balance,synthetic-00119,1.0,1.0,31.11,7.66,7.6,85.47,0.7525,High
synthetic,,,,34.98,3.39,6.6,24.84,0.5032,Moderate
synthetic,,,,27.93,9.87,5.77,9.28,0.5647,Moderate
synthetic_balance,synthetic-00051,1.0,2.0,10.74,2.74,0.89,100.0,0.3608,Low
synthetic,,,,34.36,9.13,2.94,46.98,0.6216,Moderate
synthetic,,,,11.12,2.02,2.64,52.2,0.3055,Low
synthetic_balance,synthetic-00126,1.0,1.0,36.57,9.19,11.77,98.24,0.9633,High
synthetic,,,,10.58,8.46,2.56,41.36,0.4346,Moderate
synthetic,,,,12.08,9.18,9.48,11.06,0.5303,Moderate
synthetic,,,,4.14,5.88,2.46,92.51,0.4553,Moderate
synthetic,,,,1.29,5.7,2.27,94.11,0.4332,Moderate
synthetic,,,,16.2,8.09,11.71,8.07,0.5675,Moderate
synthetic_balance,synthetic-00104,1.0,1.0,5.47,0.3,8.98,32.1,0.3333,Low
synthetic_balance,synthetic-00024,1.0,2.0,3.38,2.21,9.15,0.0,0.2689,Low
synthetic_balance,synthetic-00236,1.0,1.0,31.45,7.56,9.62,41.69,0.7045,High
synthetic_balance,synthetic-00152,1.0,1.0,31.46,8.83,7.3,66.29,0.7659,High
synthetic_balance,synthetic-00031,1.0,1.0,40.0,8.62,4.73,84.01,0.7488,High
synthetic,,,,11.65,5.29,10.65,76.05,0.6172,Moderate
synthetic_balance,synthetic-00097,1.0,1.0,33.07,7.17,10.27,96.27,0.8554,High
synthetic_balance,synthetic-00145,1.0,1.0,18.14,2.78,0.88,48.56,0.3319,Low
synthetic,,,,34.73,3.7,7.03,6.91,0.4732,Moderate
synthetic,,,,39.57,5.56,10.15,99.03,0.8453,High
synthetic_balance,synthetic-00314,1.0,1.0,35.58,4.46,9.73,82.98,0.7349,High
synthetic,,,,9.74,0.99,9.17,88.1,0.4968,Moderate
synthetic,,,,19.47,4.91,11.29,57.17,0.6224,Moderate
synthetic,,,,30.18,0.98,5.88,20.06,0.3858,Low
synthetic_balance,synthetic-00208,1.0,1.0,28.92,1.7,6.0,22.26,0.3959,Low
synthetic,,,,33.45,0.18,7.35,23.13,0.4246,Moderate
synthetic_balance,synthetic-00108,1.0,1.0,27.4,6.57,8.87,91.65,0.7595,High
synthetic_balance,synthetic-00334,1.0,1.0,38.96,9.32,12.74,93.94,0.9502,High
synthetic_balance,synthetic-00269,1.0,2.0,18.25,7.42,10.17,98.1,0.7957,High
synthetic_balance,synthetic-00054,1.0,1.0,13.53,4.68,5.4,24.43,0.3537,Low
synthetic,,,,20.11,1.52,4.55,56.58,0.3998,Moderate
synthetic,,,,29.92,0.72,7.31,75.61,0.5463,Moderate
synthetic,,,,7.24,9.07,1.01,23.29,0.3513,Low
synthetic_balance,synthetic-00237,1.0,1.0,18.77,5.35,3.79,0.63,0.3531,Low
synthetic,,,,37.25,1.2,1.85,8.77,0.3231,Low
synthetic_balance,synthetic-00029,1.0,1.0,26.88,7.03,9.37,86.25,0.745,High
synthetic,,,,10.17,9.19,5.73,60.34,0.5634,Moderate
synthetic_balance,synthetic-00112,1.0,2.0,4.42,9.22,10.59,93.52,0.7519,High
synthetic,,,,26.1,3.16,9.56,54.91,0.5785,Moderate
synthetic_balance,synthetic-00265,1.0,2.0,19.83,7.76,10.45,100.0,0.7753,High
synthetic,,,,4.61,6.2,1.9,85.24,0.4365,Moderate
synthetic_balance,synthetic-00264,1.0,1.0,22.15,5.28,9.96,93.89,0.7425,High
synthetic_balance,synthetic-00205,1.0,1.0,36.3,4.37,9.22,77.58,0.7259,High
synthetic,,,,6.12,9.21,4.43,5.01,0.3731,Low
synthetic,,,,30.81,7.99,7.43,85.69,0.7613,High
synthetic,,,,21.0,1.64,2.41,83.63,0.4315,Moderate
synthetic_balance,synthetic-00058,1.0,1.0,19.82,7.82,10.67,74.51,0.7178,High
synthetic,,,,3.8,7.26,1.47,93.59,0.4698,Moderate
synthetic_balance,synthetic-00251,1.0,1.0,34.71,9.94,10.41,20.44,0.7389,High
synthetic,,,,35.43,2.16,6.61,77.93,0.6079,Moderate
synthetic,,,,0.91,0.9,8.81,46.19,0.3271,Low
synthetic_balance,synthetic-00173,1.0,1.0,39.95,7.79,9.19,44.4,0.7567,High
synthetic,,,,33.69,9.43,1.96,79.58,0.6862,Moderate
synthetic,,,,39.9,7.01,7.34,39.24,0.6757,Moderate
synthetic_balance,synthetic-00014,1.0,1.0,35.4,3.8,8.84,88.81,0.7391,High
synthetic_balance,synthetic-00091,1.0,1.0,5.39,7.88,2.05,36.98,0.3628,Low
synthetic_balance,synthetic-00098,1.0,1.0,10.4,2.41,1.1,89.04,0.3741,Low
synthetic,,,,25.56,8.6,11.23,20.39,0.6596,Moderate
synthetic,,,,37.82,2.66,6.3,9.07,0.4567,Moderate
synthetic_balance,synthetic-00186,1.0,1.0,31.92,4.06,1.86,1.2,0.3509,Low
synthetic,,,,22.25,2.16,10.39,64.84,0.5718,Moderate
synthetic,,,,36.69,6.31,2.54,33.89,0.5247,Moderate
synthetic,,,,18.47,5.22,2.96,13.96,0.3427,Low
synthetic_balance,synthetic-00232,1.0,1.0,24.4,7.93,7.32,94.58,0.7434,High
synthetic_balance,synthetic-00141,1.0,1.0,7.52,4.48,5.13,22.41,0.3248,Low
synthetic,,,,15.18,6.86,3.91,94.89,0.5851,Moderate
synthetic,,,,2.18,6.16,0.99,88.41,0.4093,Moderate
synthetic,,,,19.95,4.94,11.67,38.07,0.5863,Moderate
synthetic,,,,30.42,4.73,6.24,61.97,0.5932,Moderate
synthetic_balance,synthetic-00230,1.0,1.0,0.59,2.27,0.55,44.03,0.1872,Low
synthetic_balance,synthetic-00326,1.0,1.0,38.34,5.23,7.99,84.71,0.743,High
synthetic,,,,31.22,8.41,3.49,32.25,0.5589,Moderate
synthetic_balance,synthetic-00289,1.0,1.0,34.53,4.31,11.3,68.17,0.725,High
synthetic,,,,34.57,9.49,4.5,9.06,0.5697,Moderate
synthetic,,,,28.4,6.36,9.06,53.16,0.658,Moderate
synthetic_balance,synthetic-00251,1.0,2.0,11.61,1.44,3.33,52.18,0.3053,Low
synthetic_balance,synthetic-00250,1.0,1.0,12.81,3.48,1.43,19.0,0.2413,Low
synthetic,,,,35.6,3.14,5.12,26.81,0.4747,Moderate
synthetic,,,,37.7,0.22,7.42,76.38,0.5866,Moderate
synthetic_balance,synthetic-00158,1.0,1.0,3.99,2.87,7.26,52.58,0.365,Low
synthetic,,,,23.93,8.98,11.94,7.87,0.6426,Moderate
synthetic,,,,17.99,2.45,8.67,85.13,0.5672,Moderate
synthetic_balance,synthetic-00313,1.0,1.0,29.07,8.11,7.47,88.19,0.7752,High
synthetic_balance,synthetic-00177,1.0,2.0,35.63,7.38,12.26,52.97,0.7846,High
synthetic_balance,synthetic-00044,1.0,1.0,27.74,8.25,11.31,54.1,0.7691,High
synthetic,,,,5.04,1.44,8.47,17.29,0.2871,Low
synthetic,,,,14.57,3.14,2.31,14.78,0.2548,Low
synthetic_balance,synthetic-00115,1.0,1.0,38.35,8.04,9.08,53.77,0.7601,High
synthetic,,,,23.31,3.95,9.55,91.32,0.6717,Moderate
synthetic,,,,28.95,0.66,10.42,83.55,0.6235,Moderate
synthetic,,,,32.11,8.93,0.63,17.86,0.4817,Moderate
synthetic,,,,19.76,3.0,5.99,35.97,0.4133,Moderate
synthetic_balance,synthetic-00032,1.0,1.0,39.48,9.15,6.44,55.75,0.7524,High
synthetic_balance,synthetic-00132,1.0,1.0,38.38,7.69,9.8,68.53,0.8107,High
synthetic_balance,synthetic-00107,1.0,1.0,37.91,4.65,7.66,90.75,0.748,High
synthetic_balance,synthetic-00341,1.0,1.0,35.65,0.75,10.39,91.97,0.6926,High
synthetic_balance,synthetic-00223,1.0,1.0,7.4,2.9,3.87,26.08,0.2591,Low
synthetic_balance,synthetic-00089,1.0,1.0,37.48,6.95,3.37,96.78,0.7151,High
synthetic_balance,synthetic-00007,1.0,1.0,26.66,7.47,9.48,86.08,0.7742,High
synthetic_balance,synthetic-00146,1.0,1.0,3.58,3.75,1.17,67.83,0.3158,Low
synthetic_balance,synthetic-00151,1.0,2.0,17.25,2.04,0.0,47.34,0.3271,Low
